"","Mada.4300","Mada.4301","Mada.4306","Mada.4308","Mada.4309","Mada.4311","Mada.4312","Mada.4313","Mada.4321","Mada.208","Mada.1637","Mada.1929","Mada.3001","Mada.3008","Mada.3149","Mada.3162","Mada.1840","Mada.2653","Mada.3387","Mada.3390","Mada.1007","Mada.1007","Mada.149","Mada.233","Mada.809","Mada.1515","Mada.59","Mada.2555","Mada.3537","Mada.728","Mada.738","Mada.1681","Mada.41","Mada.43","Mada.3940","Mada.3942","Mada.4068","Mada.4095","Mada.4096","Mada.4102","Mada.3900","Mada.3900","Mada.3906","Mada.3906","Mada.4113","Mada.4113","Mada.3928","Mada.1497","Mada.2466","Mada.3636","Mada.3838","Mada.1360","Mada.2548","Mada.2842","Mada.850","Mada.3707","Mada.3708","Mada.936","Mada.936","Mada.945","Mada.945","Mada.13","Mada.15","Mada.56","Mada.1445","Mada.1447","Mada.1447","Mada.2050","Mada.3098","Mada.3100","Mada.3107","Mada.11","Mada.22","Mada.2866","Mada.100","Mada.91","Mada.1813","Mada.2627","Mada.3112","Mada.3133","Mada.1164","Mada.1165","Mada.1470","Mada.1471","Mada.1489","Mada.631","Mada.686","Mada.2665","Mada.3727","Mada.1588","Mada.734","Mada.1502","Mada.404","Mada.405","Mada.406","Mada.407","Mada.3666","Mada.1531","Mada.1534","Mada.1535","Mada.2885","Mada.384","Mada.385","Mada.386","Mada.2120","Mada.2135","Mada.2135","Mada.2612","Mada.3485"
"Mada.4300",0,NA,NA,NA,NA,NA,NA,NA,NA,NA,NA,NA,NA,NA,NA,NA,NA,NA,NA,NA,NA,NA,NA,NA,NA,NA,NA,NA,NA,NA,NA,NA,NA,NA,NA,NA,NA,NA,NA,NA,NA,NA,NA,NA,NA,NA,NA,NA,NA,NA,NA,NA,NA,NA,NA,NA,NA,NA,NA,NA,NA,NA,NA,NA,NA,NA,NA,NA,NA,NA,NA,NA,NA,NA,NA,NA,NA,NA,NA,NA,NA,NA,NA,NA,NA,NA,NA,NA,NA,NA,NA,NA,NA,NA,NA,NA,NA,NA,NA,NA,NA,NA,NA,NA,NA,NA,NA,NA,NA
"Mada.4301",0.119480519480519,0,NA,NA,NA,NA,NA,NA,NA,NA,NA,NA,NA,NA,NA,NA,NA,NA,NA,NA,NA,NA,NA,NA,NA,NA,NA,NA,NA,NA,NA,NA,NA,NA,NA,NA,NA,NA,NA,NA,NA,NA,NA,NA,NA,NA,NA,NA,NA,NA,NA,NA,NA,NA,NA,NA,NA,NA,NA,NA,NA,NA,NA,NA,NA,NA,NA,NA,NA,NA,NA,NA,NA,NA,NA,NA,NA,NA,NA,NA,NA,NA,NA,NA,NA,NA,NA,NA,NA,NA,NA,NA,NA,NA,NA,NA,NA,NA,NA,NA,NA,NA,NA,NA,NA,NA,NA,NA,NA
"Mada.4306",0.0571428571428571,0.114285714285714,0,NA,NA,NA,NA,NA,NA,NA,NA,NA,NA,NA,NA,NA,NA,NA,NA,NA,NA,NA,NA,NA,NA,NA,NA,NA,NA,NA,NA,NA,NA,NA,NA,NA,NA,NA,NA,NA,NA,NA,NA,NA,NA,NA,NA,NA,NA,NA,NA,NA,NA,NA,NA,NA,NA,NA,NA,NA,NA,NA,NA,NA,NA,NA,NA,NA,NA,NA,NA,NA,NA,NA,NA,NA,NA,NA,NA,NA,NA,NA,NA,NA,NA,NA,NA,NA,NA,NA,NA,NA,NA,NA,NA,NA,NA,NA,NA,NA,NA,NA,NA,NA,NA,NA,NA,NA,NA
"Mada.4308",0.0571428571428571,0.114285714285714,0,0,NA,NA,NA,NA,NA,NA,NA,NA,NA,NA,NA,NA,NA,NA,NA,NA,NA,NA,NA,NA,NA,NA,NA,NA,NA,NA,NA,NA,NA,NA,NA,NA,NA,NA,NA,NA,NA,NA,NA,NA,NA,NA,NA,NA,NA,NA,NA,NA,NA,NA,NA,NA,NA,NA,NA,NA,NA,NA,NA,NA,NA,NA,NA,NA,NA,NA,NA,NA,NA,NA,NA,NA,NA,NA,NA,NA,NA,NA,NA,NA,NA,NA,NA,NA,NA,NA,NA,NA,NA,NA,NA,NA,NA,NA,NA,NA,NA,NA,NA,NA,NA,NA,NA,NA,NA
"Mada.4309",0.0571428571428571,0.114285714285714,0,0,0,NA,NA,NA,NA,NA,NA,NA,NA,NA,NA,NA,NA,NA,NA,NA,NA,NA,NA,NA,NA,NA,NA,NA,NA,NA,NA,NA,NA,NA,NA,NA,NA,NA,NA,NA,NA,NA,NA,NA,NA,NA,NA,NA,NA,NA,NA,NA,NA,NA,NA,NA,NA,NA,NA,NA,NA,NA,NA,NA,NA,NA,NA,NA,NA,NA,NA,NA,NA,NA,NA,NA,NA,NA,NA,NA,NA,NA,NA,NA,NA,NA,NA,NA,NA,NA,NA,NA,NA,NA,NA,NA,NA,NA,NA,NA,NA,NA,NA,NA,NA,NA,NA,NA,NA
"Mada.4311",0.0961038961038961,0.0233766233766234,0.0909090909090909,0.0909090909090909,0.0909090909090909,0,NA,NA,NA,NA,NA,NA,NA,NA,NA,NA,NA,NA,NA,NA,NA,NA,NA,NA,NA,NA,NA,NA,NA,NA,NA,NA,NA,NA,NA,NA,NA,NA,NA,NA,NA,NA,NA,NA,NA,NA,NA,NA,NA,NA,NA,NA,NA,NA,NA,NA,NA,NA,NA,NA,NA,NA,NA,NA,NA,NA,NA,NA,NA,NA,NA,NA,NA,NA,NA,NA,NA,NA,NA,NA,NA,NA,NA,NA,NA,NA,NA,NA,NA,NA,NA,NA,NA,NA,NA,NA,NA,NA,NA,NA,NA,NA,NA,NA,NA,NA,NA,NA,NA
"Mada.4312",0.119480519480519,0,0.114285714285714,0.114285714285714,0.114285714285714,0.0233766233766234,0,NA,NA,NA,NA,NA,NA,NA,NA,NA,NA,NA,NA,NA,NA,NA,NA,NA,NA,NA,NA,NA,NA,NA,NA,NA,NA,NA,NA,NA,NA,NA,NA,NA,NA,NA,NA,NA,NA,NA,NA,NA,NA,NA,NA,NA,NA,NA,NA,NA,NA,NA,NA,NA,NA,NA,NA,NA,NA,NA,NA,NA,NA,NA,NA,NA,NA,NA,NA,NA,NA,NA,NA,NA,NA,NA,NA,NA,NA,NA,NA,NA,NA,NA,NA,NA,NA,NA,NA,NA,NA,NA,NA,NA,NA,NA,NA,NA,NA,NA,NA,NA,NA
"Mada.4313",0.0961038961038961,0.0233766233766234,0.0909090909090909,0.0909090909090909,0.0909090909090909,0,0.0233766233766234,0,NA,NA,NA,NA,NA,NA,NA,NA,NA,NA,NA,NA,NA,NA,NA,NA,NA,NA,NA,NA,NA,NA,NA,NA,NA,NA,NA,NA,NA,NA,NA,NA,NA,NA,NA,NA,NA,NA,NA,NA,NA,NA,NA,NA,NA,NA,NA,NA,NA,NA,NA,NA,NA,NA,NA,NA,NA,NA,NA,NA,NA,NA,NA,NA,NA,NA,NA,NA,NA,NA,NA,NA,NA,NA,NA,NA,NA,NA,NA,NA,NA,NA,NA,NA,NA,NA,NA,NA,NA,NA,NA,NA,NA,NA,NA,NA,NA,NA,NA,NA,NA
"Mada.4321",0.0961038961038961,0.0233766233766234,0.0909090909090909,0.0909090909090909,0.0909090909090909,0,0.0233766233766234,0,0,NA,NA,NA,NA,NA,NA,NA,NA,NA,NA,NA,NA,NA,NA,NA,NA,NA,NA,NA,NA,NA,NA,NA,NA,NA,NA,NA,NA,NA,NA,NA,NA,NA,NA,NA,NA,NA,NA,NA,NA,NA,NA,NA,NA,NA,NA,NA,NA,NA,NA,NA,NA,NA,NA,NA,NA,NA,NA,NA,NA,NA,NA,NA,NA,NA,NA,NA,NA,NA,NA,NA,NA,NA,NA,NA,NA,NA,NA,NA,NA,NA,NA,NA,NA,NA,NA,NA,NA,NA,NA,NA,NA,NA,NA,NA,NA,NA,NA,NA,NA
"Mada.208",0.0311688311688312,0.124675324675325,0.0675324675324675,0.0675324675324675,0.0675324675324675,0.101298701298701,0.124675324675325,0.101298701298701,0.101298701298701,0,NA,NA,NA,NA,NA,NA,NA,NA,NA,NA,NA,NA,NA,NA,NA,NA,NA,NA,NA,NA,NA,NA,NA,NA,NA,NA,NA,NA,NA,NA,NA,NA,NA,NA,NA,NA,NA,NA,NA,NA,NA,NA,NA,NA,NA,NA,NA,NA,NA,NA,NA,NA,NA,NA,NA,NA,NA,NA,NA,NA,NA,NA,NA,NA,NA,NA,NA,NA,NA,NA,NA,NA,NA,NA,NA,NA,NA,NA,NA,NA,NA,NA,NA,NA,NA,NA,NA,NA,NA,NA,NA,NA,NA,NA,NA,NA,NA,NA,NA
"Mada.1637",0.0571428571428571,0.111688311688312,0.0233766233766234,0.0233766233766234,0.0233766233766234,0.0883116883116883,0.111688311688312,0.0883116883116883,0.0883116883116883,0.0571428571428571,0,NA,NA,NA,NA,NA,NA,NA,NA,NA,NA,NA,NA,NA,NA,NA,NA,NA,NA,NA,NA,NA,NA,NA,NA,NA,NA,NA,NA,NA,NA,NA,NA,NA,NA,NA,NA,NA,NA,NA,NA,NA,NA,NA,NA,NA,NA,NA,NA,NA,NA,NA,NA,NA,NA,NA,NA,NA,NA,NA,NA,NA,NA,NA,NA,NA,NA,NA,NA,NA,NA,NA,NA,NA,NA,NA,NA,NA,NA,NA,NA,NA,NA,NA,NA,NA,NA,NA,NA,NA,NA,NA,NA,NA,NA,NA,NA,NA,NA
"Mada.1929",0.051948051948052,0.0883116883116883,0.0727272727272727,0.0727272727272727,0.0727272727272727,0.0649350649350649,0.0883116883116883,0.0649350649350649,0.0649350649350649,0.0623376623376623,0.0701298701298701,0,NA,NA,NA,NA,NA,NA,NA,NA,NA,NA,NA,NA,NA,NA,NA,NA,NA,NA,NA,NA,NA,NA,NA,NA,NA,NA,NA,NA,NA,NA,NA,NA,NA,NA,NA,NA,NA,NA,NA,NA,NA,NA,NA,NA,NA,NA,NA,NA,NA,NA,NA,NA,NA,NA,NA,NA,NA,NA,NA,NA,NA,NA,NA,NA,NA,NA,NA,NA,NA,NA,NA,NA,NA,NA,NA,NA,NA,NA,NA,NA,NA,NA,NA,NA,NA,NA,NA,NA,NA,NA,NA,NA,NA,NA,NA,NA,NA
"Mada.3001",0.0571428571428571,0.111688311688312,0.0233766233766234,0.0233766233766234,0.0233766233766234,0.0883116883116883,0.111688311688312,0.0883116883116883,0.0883116883116883,0.0571428571428571,0,0.0701298701298701,0,NA,NA,NA,NA,NA,NA,NA,NA,NA,NA,NA,NA,NA,NA,NA,NA,NA,NA,NA,NA,NA,NA,NA,NA,NA,NA,NA,NA,NA,NA,NA,NA,NA,NA,NA,NA,NA,NA,NA,NA,NA,NA,NA,NA,NA,NA,NA,NA,NA,NA,NA,NA,NA,NA,NA,NA,NA,NA,NA,NA,NA,NA,NA,NA,NA,NA,NA,NA,NA,NA,NA,NA,NA,NA,NA,NA,NA,NA,NA,NA,NA,NA,NA,NA,NA,NA,NA,NA,NA,NA,NA,NA,NA,NA,NA,NA
"Mada.3008",0.0571428571428571,0.111688311688312,0.0233766233766234,0.0233766233766234,0.0233766233766234,0.0883116883116883,0.111688311688312,0.0883116883116883,0.0883116883116883,0.0571428571428571,0,0.0701298701298701,0,0,NA,NA,NA,NA,NA,NA,NA,NA,NA,NA,NA,NA,NA,NA,NA,NA,NA,NA,NA,NA,NA,NA,NA,NA,NA,NA,NA,NA,NA,NA,NA,NA,NA,NA,NA,NA,NA,NA,NA,NA,NA,NA,NA,NA,NA,NA,NA,NA,NA,NA,NA,NA,NA,NA,NA,NA,NA,NA,NA,NA,NA,NA,NA,NA,NA,NA,NA,NA,NA,NA,NA,NA,NA,NA,NA,NA,NA,NA,NA,NA,NA,NA,NA,NA,NA,NA,NA,NA,NA,NA,NA,NA,NA,NA,NA
"Mada.3149",0.0571428571428571,0.111688311688312,0.0233766233766234,0.0233766233766234,0.0233766233766234,0.0883116883116883,0.111688311688312,0.0883116883116883,0.0883116883116883,0.0571428571428571,0,0.0701298701298701,0,0,0,NA,NA,NA,NA,NA,NA,NA,NA,NA,NA,NA,NA,NA,NA,NA,NA,NA,NA,NA,NA,NA,NA,NA,NA,NA,NA,NA,NA,NA,NA,NA,NA,NA,NA,NA,NA,NA,NA,NA,NA,NA,NA,NA,NA,NA,NA,NA,NA,NA,NA,NA,NA,NA,NA,NA,NA,NA,NA,NA,NA,NA,NA,NA,NA,NA,NA,NA,NA,NA,NA,NA,NA,NA,NA,NA,NA,NA,NA,NA,NA,NA,NA,NA,NA,NA,NA,NA,NA,NA,NA,NA,NA,NA,NA
"Mada.3162",0.0571428571428571,0.111688311688312,0.0233766233766234,0.0233766233766234,0.0233766233766234,0.0883116883116883,0.111688311688312,0.0883116883116883,0.0883116883116883,0.0571428571428571,0,0.0701298701298701,0,0,0,0,NA,NA,NA,NA,NA,NA,NA,NA,NA,NA,NA,NA,NA,NA,NA,NA,NA,NA,NA,NA,NA,NA,NA,NA,NA,NA,NA,NA,NA,NA,NA,NA,NA,NA,NA,NA,NA,NA,NA,NA,NA,NA,NA,NA,NA,NA,NA,NA,NA,NA,NA,NA,NA,NA,NA,NA,NA,NA,NA,NA,NA,NA,NA,NA,NA,NA,NA,NA,NA,NA,NA,NA,NA,NA,NA,NA,NA,NA,NA,NA,NA,NA,NA,NA,NA,NA,NA,NA,NA,NA,NA,NA,NA
"Mada.1840",0.0415584415584416,0.109090909090909,0.0467532467532468,0.0467532467532468,0.0467532467532468,0.0857142857142857,0.109090909090909,0.0857142857142857,0.0857142857142857,0.0623376623376623,0.0597402597402597,0.051948051948052,0.0597402597402597,0.0597402597402597,0.0597402597402597,0.0597402597402597,0,NA,NA,NA,NA,NA,NA,NA,NA,NA,NA,NA,NA,NA,NA,NA,NA,NA,NA,NA,NA,NA,NA,NA,NA,NA,NA,NA,NA,NA,NA,NA,NA,NA,NA,NA,NA,NA,NA,NA,NA,NA,NA,NA,NA,NA,NA,NA,NA,NA,NA,NA,NA,NA,NA,NA,NA,NA,NA,NA,NA,NA,NA,NA,NA,NA,NA,NA,NA,NA,NA,NA,NA,NA,NA,NA,NA,NA,NA,NA,NA,NA,NA,NA,NA,NA,NA,NA,NA,NA,NA,NA,NA
"Mada.2653",0.0571428571428571,0.111688311688312,0.0025974025974026,0.0025974025974026,0.0025974025974026,0.0883116883116883,0.111688311688312,0.0883116883116883,0.0883116883116883,0.0675324675324675,0.0207792207792208,0.0701298701298701,0.0207792207792208,0.0207792207792208,0.0207792207792208,0.0207792207792208,0.0441558441558442,0,NA,NA,NA,NA,NA,NA,NA,NA,NA,NA,NA,NA,NA,NA,NA,NA,NA,NA,NA,NA,NA,NA,NA,NA,NA,NA,NA,NA,NA,NA,NA,NA,NA,NA,NA,NA,NA,NA,NA,NA,NA,NA,NA,NA,NA,NA,NA,NA,NA,NA,NA,NA,NA,NA,NA,NA,NA,NA,NA,NA,NA,NA,NA,NA,NA,NA,NA,NA,NA,NA,NA,NA,NA,NA,NA,NA,NA,NA,NA,NA,NA,NA,NA,NA,NA,NA,NA,NA,NA,NA,NA
"Mada.3387",0.0623376623376623,0.106493506493506,0.0597402597402597,0.0597402597402597,0.0597402597402597,0.0831168831168831,0.106493506493506,0.0831168831168831,0.0831168831168831,0.0675324675324675,0.0623376623376623,0.0441558441558442,0.0623376623376623,0.0623376623376623,0.0623376623376623,0.0623376623376623,0.0649350649350649,0.0623376623376623,0,NA,NA,NA,NA,NA,NA,NA,NA,NA,NA,NA,NA,NA,NA,NA,NA,NA,NA,NA,NA,NA,NA,NA,NA,NA,NA,NA,NA,NA,NA,NA,NA,NA,NA,NA,NA,NA,NA,NA,NA,NA,NA,NA,NA,NA,NA,NA,NA,NA,NA,NA,NA,NA,NA,NA,NA,NA,NA,NA,NA,NA,NA,NA,NA,NA,NA,NA,NA,NA,NA,NA,NA,NA,NA,NA,NA,NA,NA,NA,NA,NA,NA,NA,NA,NA,NA,NA,NA,NA,NA
"Mada.3390",0.0311688311688312,0.109090909090909,0.0571428571428571,0.0571428571428571,0.0571428571428571,0.0857142857142857,0.109090909090909,0.0857142857142857,0.0857142857142857,0.0623376623376623,0.0545454545454545,0.0623376623376623,0.0545454545454545,0.0545454545454545,0.0545454545454545,0.0545454545454545,0.0207792207792208,0.0545454545454545,0.0753246753246753,0,NA,NA,NA,NA,NA,NA,NA,NA,NA,NA,NA,NA,NA,NA,NA,NA,NA,NA,NA,NA,NA,NA,NA,NA,NA,NA,NA,NA,NA,NA,NA,NA,NA,NA,NA,NA,NA,NA,NA,NA,NA,NA,NA,NA,NA,NA,NA,NA,NA,NA,NA,NA,NA,NA,NA,NA,NA,NA,NA,NA,NA,NA,NA,NA,NA,NA,NA,NA,NA,NA,NA,NA,NA,NA,NA,NA,NA,NA,NA,NA,NA,NA,NA,NA,NA,NA,NA,NA,NA
"Mada.1007",0.0597402597402597,0.116883116883117,0.0233766233766234,0.0233766233766234,0.0233766233766234,0.0935064935064935,0.116883116883117,0.0935064935064935,0.0935064935064935,0.0597402597402597,0.00519480519480519,0.0753246753246753,0.00519480519480519,0.00519480519480519,0.00519480519480519,0.00519480519480519,0.0649350649350649,0.025974025974026,0.0623376623376623,0.0597402597402597,0,NA,NA,NA,NA,NA,NA,NA,NA,NA,NA,NA,NA,NA,NA,NA,NA,NA,NA,NA,NA,NA,NA,NA,NA,NA,NA,NA,NA,NA,NA,NA,NA,NA,NA,NA,NA,NA,NA,NA,NA,NA,NA,NA,NA,NA,NA,NA,NA,NA,NA,NA,NA,NA,NA,NA,NA,NA,NA,NA,NA,NA,NA,NA,NA,NA,NA,NA,NA,NA,NA,NA,NA,NA,NA,NA,NA,NA,NA,NA,NA,NA,NA,NA,NA,NA,NA,NA,NA
"Mada.1007",0.0597402597402597,0.116883116883117,0.0233766233766234,0.0233766233766234,0.0233766233766234,0.0935064935064935,0.116883116883117,0.0935064935064935,0.0935064935064935,0.0597402597402597,0.00519480519480519,0.0753246753246753,0.00519480519480519,0.00519480519480519,0.00519480519480519,0.00519480519480519,0.0649350649350649,0.025974025974026,0.0623376623376623,0.0597402597402597,0,0,NA,NA,NA,NA,NA,NA,NA,NA,NA,NA,NA,NA,NA,NA,NA,NA,NA,NA,NA,NA,NA,NA,NA,NA,NA,NA,NA,NA,NA,NA,NA,NA,NA,NA,NA,NA,NA,NA,NA,NA,NA,NA,NA,NA,NA,NA,NA,NA,NA,NA,NA,NA,NA,NA,NA,NA,NA,NA,NA,NA,NA,NA,NA,NA,NA,NA,NA,NA,NA,NA,NA,NA,NA,NA,NA,NA,NA,NA,NA,NA,NA,NA,NA,NA,NA,NA,NA
"Mada.149",0.0597402597402597,0.116883116883117,0.0233766233766234,0.0233766233766234,0.0233766233766234,0.0935064935064935,0.116883116883117,0.0935064935064935,0.0935064935064935,0.0597402597402597,0.00519480519480519,0.0753246753246753,0.00519480519480519,0.00519480519480519,0.00519480519480519,0.00519480519480519,0.0649350649350649,0.025974025974026,0.0623376623376623,0.0597402597402597,0,0,0,NA,NA,NA,NA,NA,NA,NA,NA,NA,NA,NA,NA,NA,NA,NA,NA,NA,NA,NA,NA,NA,NA,NA,NA,NA,NA,NA,NA,NA,NA,NA,NA,NA,NA,NA,NA,NA,NA,NA,NA,NA,NA,NA,NA,NA,NA,NA,NA,NA,NA,NA,NA,NA,NA,NA,NA,NA,NA,NA,NA,NA,NA,NA,NA,NA,NA,NA,NA,NA,NA,NA,NA,NA,NA,NA,NA,NA,NA,NA,NA,NA,NA,NA,NA,NA,NA
"Mada.233",0.0597402597402597,0.116883116883117,0.0233766233766234,0.0233766233766234,0.0233766233766234,0.0935064935064935,0.116883116883117,0.0935064935064935,0.0935064935064935,0.0597402597402597,0.00519480519480519,0.0753246753246753,0.00519480519480519,0.00519480519480519,0.00519480519480519,0.00519480519480519,0.0649350649350649,0.025974025974026,0.0623376623376623,0.0597402597402597,0,0,0,0,NA,NA,NA,NA,NA,NA,NA,NA,NA,NA,NA,NA,NA,NA,NA,NA,NA,NA,NA,NA,NA,NA,NA,NA,NA,NA,NA,NA,NA,NA,NA,NA,NA,NA,NA,NA,NA,NA,NA,NA,NA,NA,NA,NA,NA,NA,NA,NA,NA,NA,NA,NA,NA,NA,NA,NA,NA,NA,NA,NA,NA,NA,NA,NA,NA,NA,NA,NA,NA,NA,NA,NA,NA,NA,NA,NA,NA,NA,NA,NA,NA,NA,NA,NA,NA
"Mada.809",0.0597402597402597,0.114285714285714,0.0207792207792208,0.0207792207792208,0.0207792207792208,0.0909090909090909,0.114285714285714,0.0909090909090909,0.0909090909090909,0.0597402597402597,0.00779220779220779,0.0727272727272727,0.00779220779220779,0.00779220779220779,0.00779220779220779,0.00779220779220779,0.0649350649350649,0.0233766233766234,0.0597402597402597,0.0597402597402597,0.0025974025974026,0.0025974025974026,0.0025974025974026,0.0025974025974026,0,NA,NA,NA,NA,NA,NA,NA,NA,NA,NA,NA,NA,NA,NA,NA,NA,NA,NA,NA,NA,NA,NA,NA,NA,NA,NA,NA,NA,NA,NA,NA,NA,NA,NA,NA,NA,NA,NA,NA,NA,NA,NA,NA,NA,NA,NA,NA,NA,NA,NA,NA,NA,NA,NA,NA,NA,NA,NA,NA,NA,NA,NA,NA,NA,NA,NA,NA,NA,NA,NA,NA,NA,NA,NA,NA,NA,NA,NA,NA,NA,NA,NA,NA,NA
"Mada.1515",0.0571428571428571,0.111688311688312,0.0025974025974026,0.0025974025974026,0.0025974025974026,0.0883116883116883,0.111688311688312,0.0883116883116883,0.0883116883116883,0.0675324675324675,0.0207792207792208,0.0701298701298701,0.0207792207792208,0.0207792207792208,0.0207792207792208,0.0207792207792208,0.0441558441558442,0,0.0623376623376623,0.0545454545454545,0.025974025974026,0.025974025974026,0.025974025974026,0.025974025974026,0.0233766233766234,0,NA,NA,NA,NA,NA,NA,NA,NA,NA,NA,NA,NA,NA,NA,NA,NA,NA,NA,NA,NA,NA,NA,NA,NA,NA,NA,NA,NA,NA,NA,NA,NA,NA,NA,NA,NA,NA,NA,NA,NA,NA,NA,NA,NA,NA,NA,NA,NA,NA,NA,NA,NA,NA,NA,NA,NA,NA,NA,NA,NA,NA,NA,NA,NA,NA,NA,NA,NA,NA,NA,NA,NA,NA,NA,NA,NA,NA,NA,NA,NA,NA,NA,NA
"Mada.59",0.618181818181818,0.631168831168831,0.631168831168831,0.631168831168831,0.631168831168831,0.628571428571429,0.631168831168831,0.628571428571429,0.628571428571429,0.631168831168831,0.628571428571429,0.628571428571429,0.628571428571429,0.628571428571429,0.628571428571429,0.628571428571429,0.628571428571429,0.631168831168831,0.628571428571429,0.625974025974026,0.631168831168831,0.631168831168831,0.631168831168831,0.631168831168831,0.633766233766234,0.631168831168831,0,NA,NA,NA,NA,NA,NA,NA,NA,NA,NA,NA,NA,NA,NA,NA,NA,NA,NA,NA,NA,NA,NA,NA,NA,NA,NA,NA,NA,NA,NA,NA,NA,NA,NA,NA,NA,NA,NA,NA,NA,NA,NA,NA,NA,NA,NA,NA,NA,NA,NA,NA,NA,NA,NA,NA,NA,NA,NA,NA,NA,NA,NA,NA,NA,NA,NA,NA,NA,NA,NA,NA,NA,NA,NA,NA,NA,NA,NA,NA,NA,NA,NA
"Mada.2555",0.038961038961039,0.119480519480519,0.0207792207792208,0.0207792207792208,0.0207792207792208,0.0961038961038961,0.119480519480519,0.0961038961038961,0.0961038961038961,0.0597402597402597,0.0207792207792208,0.0779220779220779,0.0207792207792208,0.0207792207792208,0.0207792207792208,0.0207792207792208,0.051948051948052,0.0181818181818182,0.0701298701298701,0.0363636363636364,0.025974025974026,0.025974025974026,0.025974025974026,0.025974025974026,0.025974025974026,0.0181818181818182,0.628571428571429,0,NA,NA,NA,NA,NA,NA,NA,NA,NA,NA,NA,NA,NA,NA,NA,NA,NA,NA,NA,NA,NA,NA,NA,NA,NA,NA,NA,NA,NA,NA,NA,NA,NA,NA,NA,NA,NA,NA,NA,NA,NA,NA,NA,NA,NA,NA,NA,NA,NA,NA,NA,NA,NA,NA,NA,NA,NA,NA,NA,NA,NA,NA,NA,NA,NA,NA,NA,NA,NA,NA,NA,NA,NA,NA,NA,NA,NA,NA,NA,NA,NA
"Mada.3537",0.038961038961039,0.119480519480519,0.0207792207792208,0.0207792207792208,0.0207792207792208,0.0961038961038961,0.119480519480519,0.0961038961038961,0.0961038961038961,0.0597402597402597,0.0207792207792208,0.0779220779220779,0.0207792207792208,0.0207792207792208,0.0207792207792208,0.0207792207792208,0.051948051948052,0.0181818181818182,0.0701298701298701,0.0363636363636364,0.025974025974026,0.025974025974026,0.025974025974026,0.025974025974026,0.025974025974026,0.0181818181818182,0.628571428571429,0,0,NA,NA,NA,NA,NA,NA,NA,NA,NA,NA,NA,NA,NA,NA,NA,NA,NA,NA,NA,NA,NA,NA,NA,NA,NA,NA,NA,NA,NA,NA,NA,NA,NA,NA,NA,NA,NA,NA,NA,NA,NA,NA,NA,NA,NA,NA,NA,NA,NA,NA,NA,NA,NA,NA,NA,NA,NA,NA,NA,NA,NA,NA,NA,NA,NA,NA,NA,NA,NA,NA,NA,NA,NA,NA,NA,NA,NA,NA,NA,NA
"Mada.728",0.0545454545454545,0.122077922077922,0.0805194805194805,0.0805194805194805,0.0805194805194805,0.0987012987012987,0.122077922077922,0.0987012987012987,0.0987012987012987,0.0701298701298701,0.0779220779220779,0.0649350649350649,0.0779220779220779,0.0779220779220779,0.0779220779220779,0.0779220779220779,0.0545454545454545,0.0779220779220779,0.0779220779220779,0.0337662337662338,0.0831168831168831,0.0831168831168831,0.0831168831168831,0.0831168831168831,0.0831168831168831,0.0779220779220779,0.615584415584416,0.0597402597402597,0.0597402597402597,0,NA,NA,NA,NA,NA,NA,NA,NA,NA,NA,NA,NA,NA,NA,NA,NA,NA,NA,NA,NA,NA,NA,NA,NA,NA,NA,NA,NA,NA,NA,NA,NA,NA,NA,NA,NA,NA,NA,NA,NA,NA,NA,NA,NA,NA,NA,NA,NA,NA,NA,NA,NA,NA,NA,NA,NA,NA,NA,NA,NA,NA,NA,NA,NA,NA,NA,NA,NA,NA,NA,NA,NA,NA,NA,NA,NA,NA,NA,NA
"Mada.738",0.038961038961039,0.119480519480519,0.0207792207792208,0.0207792207792208,0.0207792207792208,0.0961038961038961,0.119480519480519,0.0961038961038961,0.0961038961038961,0.0597402597402597,0.0207792207792208,0.0779220779220779,0.0207792207792208,0.0207792207792208,0.0207792207792208,0.0207792207792208,0.051948051948052,0.0181818181818182,0.0701298701298701,0.0363636363636364,0.025974025974026,0.025974025974026,0.025974025974026,0.025974025974026,0.025974025974026,0.0181818181818182,0.628571428571429,0,0,0.0597402597402597,0,NA,NA,NA,NA,NA,NA,NA,NA,NA,NA,NA,NA,NA,NA,NA,NA,NA,NA,NA,NA,NA,NA,NA,NA,NA,NA,NA,NA,NA,NA,NA,NA,NA,NA,NA,NA,NA,NA,NA,NA,NA,NA,NA,NA,NA,NA,NA,NA,NA,NA,NA,NA,NA,NA,NA,NA,NA,NA,NA,NA,NA,NA,NA,NA,NA,NA,NA,NA,NA,NA,NA,NA,NA,NA,NA,NA,NA,NA
"Mada.1681",0.0441558441558442,0.114285714285714,0.0701298701298701,0.0701298701298701,0.0701298701298701,0.0909090909090909,0.114285714285714,0.0909090909090909,0.0909090909090909,0.0753246753246753,0.0675324675324675,0.0545454545454545,0.0675324675324675,0.0675324675324675,0.0675324675324675,0.0675324675324675,0.0545454545454545,0.0675324675324675,0.0675324675324675,0.0337662337662338,0.0727272727272727,0.0727272727272727,0.0727272727272727,0.0727272727272727,0.0727272727272727,0.0675324675324675,0.612987012987013,0.0493506493506494,0.0493506493506494,0.0155844155844156,0.0493506493506494,0,NA,NA,NA,NA,NA,NA,NA,NA,NA,NA,NA,NA,NA,NA,NA,NA,NA,NA,NA,NA,NA,NA,NA,NA,NA,NA,NA,NA,NA,NA,NA,NA,NA,NA,NA,NA,NA,NA,NA,NA,NA,NA,NA,NA,NA,NA,NA,NA,NA,NA,NA,NA,NA,NA,NA,NA,NA,NA,NA,NA,NA,NA,NA,NA,NA,NA,NA,NA,NA,NA,NA,NA,NA,NA,NA,NA,NA
"Mada.41",0.0571428571428571,0.111688311688312,0.0025974025974026,0.0025974025974026,0.0025974025974026,0.0883116883116883,0.111688311688312,0.0883116883116883,0.0883116883116883,0.0675324675324675,0.0207792207792208,0.0701298701298701,0.0207792207792208,0.0207792207792208,0.0207792207792208,0.0207792207792208,0.0441558441558442,0,0.0623376623376623,0.0545454545454545,0.025974025974026,0.025974025974026,0.025974025974026,0.025974025974026,0.0233766233766234,0,0.631168831168831,0.0181818181818182,0.0181818181818182,0.0779220779220779,0.0181818181818182,0.0675324675324675,0,NA,NA,NA,NA,NA,NA,NA,NA,NA,NA,NA,NA,NA,NA,NA,NA,NA,NA,NA,NA,NA,NA,NA,NA,NA,NA,NA,NA,NA,NA,NA,NA,NA,NA,NA,NA,NA,NA,NA,NA,NA,NA,NA,NA,NA,NA,NA,NA,NA,NA,NA,NA,NA,NA,NA,NA,NA,NA,NA,NA,NA,NA,NA,NA,NA,NA,NA,NA,NA,NA,NA,NA,NA,NA,NA,NA
"Mada.43",0.0571428571428571,0.111688311688312,0.0025974025974026,0.0025974025974026,0.0025974025974026,0.0883116883116883,0.111688311688312,0.0883116883116883,0.0883116883116883,0.0675324675324675,0.0207792207792208,0.0701298701298701,0.0207792207792208,0.0207792207792208,0.0207792207792208,0.0207792207792208,0.0441558441558442,0,0.0623376623376623,0.0545454545454545,0.025974025974026,0.025974025974026,0.025974025974026,0.025974025974026,0.0233766233766234,0,0.631168831168831,0.0181818181818182,0.0181818181818182,0.0779220779220779,0.0181818181818182,0.0675324675324675,0,0,NA,NA,NA,NA,NA,NA,NA,NA,NA,NA,NA,NA,NA,NA,NA,NA,NA,NA,NA,NA,NA,NA,NA,NA,NA,NA,NA,NA,NA,NA,NA,NA,NA,NA,NA,NA,NA,NA,NA,NA,NA,NA,NA,NA,NA,NA,NA,NA,NA,NA,NA,NA,NA,NA,NA,NA,NA,NA,NA,NA,NA,NA,NA,NA,NA,NA,NA,NA,NA,NA,NA,NA,NA,NA,NA
"Mada.3940",0.0571428571428571,0.111688311688312,0.0025974025974026,0.0025974025974026,0.0025974025974026,0.0883116883116883,0.111688311688312,0.0883116883116883,0.0883116883116883,0.0675324675324675,0.0207792207792208,0.0701298701298701,0.0207792207792208,0.0207792207792208,0.0207792207792208,0.0207792207792208,0.0441558441558442,0,0.0623376623376623,0.0545454545454545,0.025974025974026,0.025974025974026,0.025974025974026,0.025974025974026,0.0233766233766234,0,0.631168831168831,0.0181818181818182,0.0181818181818182,0.0779220779220779,0.0181818181818182,0.0675324675324675,0,0,0,NA,NA,NA,NA,NA,NA,NA,NA,NA,NA,NA,NA,NA,NA,NA,NA,NA,NA,NA,NA,NA,NA,NA,NA,NA,NA,NA,NA,NA,NA,NA,NA,NA,NA,NA,NA,NA,NA,NA,NA,NA,NA,NA,NA,NA,NA,NA,NA,NA,NA,NA,NA,NA,NA,NA,NA,NA,NA,NA,NA,NA,NA,NA,NA,NA,NA,NA,NA,NA,NA,NA,NA,NA,NA
"Mada.3942",0.0571428571428571,0.111688311688312,0.0025974025974026,0.0025974025974026,0.0025974025974026,0.0883116883116883,0.111688311688312,0.0883116883116883,0.0883116883116883,0.0675324675324675,0.0207792207792208,0.0701298701298701,0.0207792207792208,0.0207792207792208,0.0207792207792208,0.0207792207792208,0.0441558441558442,0,0.0623376623376623,0.0545454545454545,0.025974025974026,0.025974025974026,0.025974025974026,0.025974025974026,0.0233766233766234,0,0.631168831168831,0.0181818181818182,0.0181818181818182,0.0779220779220779,0.0181818181818182,0.0675324675324675,0,0,0,0,NA,NA,NA,NA,NA,NA,NA,NA,NA,NA,NA,NA,NA,NA,NA,NA,NA,NA,NA,NA,NA,NA,NA,NA,NA,NA,NA,NA,NA,NA,NA,NA,NA,NA,NA,NA,NA,NA,NA,NA,NA,NA,NA,NA,NA,NA,NA,NA,NA,NA,NA,NA,NA,NA,NA,NA,NA,NA,NA,NA,NA,NA,NA,NA,NA,NA,NA,NA,NA,NA,NA,NA,NA
"Mada.4068",0.122077922077922,0.179220779220779,0.12987012987013,0.12987012987013,0.12987012987013,0.155844155844156,0.179220779220779,0.155844155844156,0.155844155844156,0.137662337662338,0.137662337662338,0.124675324675325,0.137662337662338,0.137662337662338,0.137662337662338,0.137662337662338,0.0857142857142857,0.127272727272727,0.14025974025974,0.106493506493506,0.142857142857143,0.142857142857143,0.142857142857143,0.142857142857143,0.142857142857143,0.127272727272727,0.641558441558442,0.135064935064935,0.135064935064935,0.14025974025974,0.135064935064935,0.137662337662338,0.127272727272727,0.127272727272727,0.127272727272727,0.127272727272727,0,NA,NA,NA,NA,NA,NA,NA,NA,NA,NA,NA,NA,NA,NA,NA,NA,NA,NA,NA,NA,NA,NA,NA,NA,NA,NA,NA,NA,NA,NA,NA,NA,NA,NA,NA,NA,NA,NA,NA,NA,NA,NA,NA,NA,NA,NA,NA,NA,NA,NA,NA,NA,NA,NA,NA,NA,NA,NA,NA,NA,NA,NA,NA,NA,NA,NA,NA,NA,NA,NA,NA,NA
"Mada.4095",0.0467532467532468,0.103896103896104,0.0415584415584416,0.0415584415584416,0.0415584415584416,0.0805194805194805,0.103896103896104,0.0805194805194805,0.0805194805194805,0.0675324675324675,0.0597402597402597,0.0467532467532468,0.0597402597402597,0.0597402597402597,0.0597402597402597,0.0597402597402597,0.00519480519480519,0.038961038961039,0.0597402597402597,0.025974025974026,0.0649350649350649,0.0649350649350649,0.0649350649350649,0.0649350649350649,0.0623376623376623,0.038961038961039,0.631168831168831,0.0571428571428571,0.0571428571428571,0.0597402597402597,0.0571428571428571,0.0597402597402597,0.038961038961039,0.038961038961039,0.038961038961039,0.038961038961039,0.0909090909090909,0,NA,NA,NA,NA,NA,NA,NA,NA,NA,NA,NA,NA,NA,NA,NA,NA,NA,NA,NA,NA,NA,NA,NA,NA,NA,NA,NA,NA,NA,NA,NA,NA,NA,NA,NA,NA,NA,NA,NA,NA,NA,NA,NA,NA,NA,NA,NA,NA,NA,NA,NA,NA,NA,NA,NA,NA,NA,NA,NA,NA,NA,NA,NA,NA,NA,NA,NA,NA,NA,NA,NA
"Mada.4096",0.0571428571428571,0.111688311688312,0.0025974025974026,0.0025974025974026,0.0025974025974026,0.0883116883116883,0.111688311688312,0.0883116883116883,0.0883116883116883,0.0675324675324675,0.0207792207792208,0.0701298701298701,0.0207792207792208,0.0207792207792208,0.0207792207792208,0.0207792207792208,0.0441558441558442,0,0.0623376623376623,0.0545454545454545,0.025974025974026,0.025974025974026,0.025974025974026,0.025974025974026,0.0233766233766234,0,0.631168831168831,0.0181818181818182,0.0181818181818182,0.0779220779220779,0.0181818181818182,0.0675324675324675,0,0,0,0,0.127272727272727,0.038961038961039,0,NA,NA,NA,NA,NA,NA,NA,NA,NA,NA,NA,NA,NA,NA,NA,NA,NA,NA,NA,NA,NA,NA,NA,NA,NA,NA,NA,NA,NA,NA,NA,NA,NA,NA,NA,NA,NA,NA,NA,NA,NA,NA,NA,NA,NA,NA,NA,NA,NA,NA,NA,NA,NA,NA,NA,NA,NA,NA,NA,NA,NA,NA,NA,NA,NA,NA,NA,NA,NA,NA
"Mada.4102",0.0805194805194805,0.0883116883116883,0.025974025974026,0.025974025974026,0.025974025974026,0.111688311688312,0.0883116883116883,0.111688311688312,0.111688311688312,0.0909090909090909,0.0441558441558442,0.0935064935064935,0.0441558441558442,0.0441558441558442,0.0441558441558442,0.0441558441558442,0.0675324675324675,0.0233766233766234,0.0857142857142857,0.0779220779220779,0.0493506493506494,0.0493506493506494,0.0493506493506494,0.0493506493506494,0.0467532467532468,0.0233766233766234,0.633766233766234,0.0415584415584416,0.0415584415584416,0.101298701298701,0.0415584415584416,0.0909090909090909,0.0233766233766234,0.0233766233766234,0.0233766233766234,0.0233766233766234,0.150649350649351,0.0623376623376623,0.0233766233766234,0,NA,NA,NA,NA,NA,NA,NA,NA,NA,NA,NA,NA,NA,NA,NA,NA,NA,NA,NA,NA,NA,NA,NA,NA,NA,NA,NA,NA,NA,NA,NA,NA,NA,NA,NA,NA,NA,NA,NA,NA,NA,NA,NA,NA,NA,NA,NA,NA,NA,NA,NA,NA,NA,NA,NA,NA,NA,NA,NA,NA,NA,NA,NA,NA,NA,NA,NA,NA,NA
"Mada.3900",0.0597402597402597,0.116883116883117,0.0233766233766234,0.0233766233766234,0.0233766233766234,0.0935064935064935,0.116883116883117,0.0935064935064935,0.0935064935064935,0.0597402597402597,0.00519480519480519,0.0753246753246753,0.00519480519480519,0.00519480519480519,0.00519480519480519,0.00519480519480519,0.0649350649350649,0.025974025974026,0.0623376623376623,0.0597402597402597,0,0,0,0,0.0025974025974026,0.025974025974026,0.631168831168831,0.025974025974026,0.025974025974026,0.0831168831168831,0.025974025974026,0.0727272727272727,0.025974025974026,0.025974025974026,0.025974025974026,0.025974025974026,0.142857142857143,0.0649350649350649,0.025974025974026,0.0493506493506494,0,NA,NA,NA,NA,NA,NA,NA,NA,NA,NA,NA,NA,NA,NA,NA,NA,NA,NA,NA,NA,NA,NA,NA,NA,NA,NA,NA,NA,NA,NA,NA,NA,NA,NA,NA,NA,NA,NA,NA,NA,NA,NA,NA,NA,NA,NA,NA,NA,NA,NA,NA,NA,NA,NA,NA,NA,NA,NA,NA,NA,NA,NA,NA,NA,NA,NA,NA,NA
"Mada.3900",0.0597402597402597,0.116883116883117,0.0233766233766234,0.0233766233766234,0.0233766233766234,0.0935064935064935,0.116883116883117,0.0935064935064935,0.0935064935064935,0.0597402597402597,0.00519480519480519,0.0753246753246753,0.00519480519480519,0.00519480519480519,0.00519480519480519,0.00519480519480519,0.0649350649350649,0.025974025974026,0.0623376623376623,0.0597402597402597,0,0,0,0,0.0025974025974026,0.025974025974026,0.631168831168831,0.025974025974026,0.025974025974026,0.0831168831168831,0.025974025974026,0.0727272727272727,0.025974025974026,0.025974025974026,0.025974025974026,0.025974025974026,0.142857142857143,0.0649350649350649,0.025974025974026,0.0493506493506494,0,0,NA,NA,NA,NA,NA,NA,NA,NA,NA,NA,NA,NA,NA,NA,NA,NA,NA,NA,NA,NA,NA,NA,NA,NA,NA,NA,NA,NA,NA,NA,NA,NA,NA,NA,NA,NA,NA,NA,NA,NA,NA,NA,NA,NA,NA,NA,NA,NA,NA,NA,NA,NA,NA,NA,NA,NA,NA,NA,NA,NA,NA,NA,NA,NA,NA,NA,NA
"Mada.3906",0.0597402597402597,0.116883116883117,0.0233766233766234,0.0233766233766234,0.0233766233766234,0.0935064935064935,0.116883116883117,0.0935064935064935,0.0935064935064935,0.0597402597402597,0.00519480519480519,0.0753246753246753,0.00519480519480519,0.00519480519480519,0.00519480519480519,0.00519480519480519,0.0649350649350649,0.025974025974026,0.0623376623376623,0.0597402597402597,0,0,0,0,0.0025974025974026,0.025974025974026,0.631168831168831,0.025974025974026,0.025974025974026,0.0831168831168831,0.025974025974026,0.0727272727272727,0.025974025974026,0.025974025974026,0.025974025974026,0.025974025974026,0.142857142857143,0.0649350649350649,0.025974025974026,0.0493506493506494,0,0,0,NA,NA,NA,NA,NA,NA,NA,NA,NA,NA,NA,NA,NA,NA,NA,NA,NA,NA,NA,NA,NA,NA,NA,NA,NA,NA,NA,NA,NA,NA,NA,NA,NA,NA,NA,NA,NA,NA,NA,NA,NA,NA,NA,NA,NA,NA,NA,NA,NA,NA,NA,NA,NA,NA,NA,NA,NA,NA,NA,NA,NA,NA,NA,NA,NA,NA
"Mada.3906",0.0597402597402597,0.116883116883117,0.0233766233766234,0.0233766233766234,0.0233766233766234,0.0935064935064935,0.116883116883117,0.0935064935064935,0.0935064935064935,0.0597402597402597,0.00519480519480519,0.0753246753246753,0.00519480519480519,0.00519480519480519,0.00519480519480519,0.00519480519480519,0.0649350649350649,0.025974025974026,0.0623376623376623,0.0597402597402597,0,0,0,0,0.0025974025974026,0.025974025974026,0.631168831168831,0.025974025974026,0.025974025974026,0.0831168831168831,0.025974025974026,0.0727272727272727,0.025974025974026,0.025974025974026,0.025974025974026,0.025974025974026,0.142857142857143,0.0649350649350649,0.025974025974026,0.0493506493506494,0,0,0,0,NA,NA,NA,NA,NA,NA,NA,NA,NA,NA,NA,NA,NA,NA,NA,NA,NA,NA,NA,NA,NA,NA,NA,NA,NA,NA,NA,NA,NA,NA,NA,NA,NA,NA,NA,NA,NA,NA,NA,NA,NA,NA,NA,NA,NA,NA,NA,NA,NA,NA,NA,NA,NA,NA,NA,NA,NA,NA,NA,NA,NA,NA,NA,NA,NA
"Mada.4113",0.0831168831168831,0.0935064935064935,0.0467532467532468,0.0467532467532468,0.0467532467532468,0.116883116883117,0.0935064935064935,0.116883116883117,0.116883116883117,0.0831168831168831,0.0285714285714286,0.0987012987012987,0.0285714285714286,0.0285714285714286,0.0285714285714286,0.0285714285714286,0.0883116883116883,0.0493506493506494,0.0857142857142857,0.0831168831168831,0.0233766233766234,0.0233766233766234,0.0233766233766234,0.0233766233766234,0.025974025974026,0.0493506493506494,0.633766233766234,0.0493506493506494,0.0493506493506494,0.106493506493506,0.0493506493506494,0.0961038961038961,0.0493506493506494,0.0493506493506494,0.0493506493506494,0.0493506493506494,0.166233766233766,0.0883116883116883,0.0493506493506494,0.025974025974026,0.0233766233766234,0.0233766233766234,0.0233766233766234,0.0233766233766234,0,NA,NA,NA,NA,NA,NA,NA,NA,NA,NA,NA,NA,NA,NA,NA,NA,NA,NA,NA,NA,NA,NA,NA,NA,NA,NA,NA,NA,NA,NA,NA,NA,NA,NA,NA,NA,NA,NA,NA,NA,NA,NA,NA,NA,NA,NA,NA,NA,NA,NA,NA,NA,NA,NA,NA,NA,NA,NA,NA,NA,NA,NA,NA,NA
"Mada.4113",0.0831168831168831,0.0935064935064935,0.0467532467532468,0.0467532467532468,0.0467532467532468,0.116883116883117,0.0935064935064935,0.116883116883117,0.116883116883117,0.0831168831168831,0.0285714285714286,0.0987012987012987,0.0285714285714286,0.0285714285714286,0.0285714285714286,0.0285714285714286,0.0883116883116883,0.0493506493506494,0.0857142857142857,0.0831168831168831,0.0233766233766234,0.0233766233766234,0.0233766233766234,0.0233766233766234,0.025974025974026,0.0493506493506494,0.633766233766234,0.0493506493506494,0.0493506493506494,0.106493506493506,0.0493506493506494,0.0961038961038961,0.0493506493506494,0.0493506493506494,0.0493506493506494,0.0493506493506494,0.166233766233766,0.0883116883116883,0.0493506493506494,0.025974025974026,0.0233766233766234,0.0233766233766234,0.0233766233766234,0.0233766233766234,0,0,NA,NA,NA,NA,NA,NA,NA,NA,NA,NA,NA,NA,NA,NA,NA,NA,NA,NA,NA,NA,NA,NA,NA,NA,NA,NA,NA,NA,NA,NA,NA,NA,NA,NA,NA,NA,NA,NA,NA,NA,NA,NA,NA,NA,NA,NA,NA,NA,NA,NA,NA,NA,NA,NA,NA,NA,NA,NA,NA,NA,NA,NA,NA
"Mada.3928",0.0441558441558442,0.101298701298701,0.0441558441558442,0.0441558441558442,0.0441558441558442,0.0779220779220779,0.101298701298701,0.0779220779220779,0.0779220779220779,0.0597402597402597,0.0623376623376623,0.0337662337662338,0.0623376623376623,0.0623376623376623,0.0623376623376623,0.0623376623376623,0.0337662337662338,0.0415584415584416,0.0675324675324675,0.0441558441558442,0.0675324675324675,0.0675324675324675,0.0675324675324675,0.0675324675324675,0.0649350649350649,0.0415584415584416,0.625974025974026,0.0597402597402597,0.0597402597402597,0.051948051948052,0.0597402597402597,0.0467532467532468,0.0415584415584416,0.0415584415584416,0.0415584415584416,0.0415584415584416,0.114285714285714,0.0285714285714286,0.0415584415584416,0.0649350649350649,0.0675324675324675,0.0675324675324675,0.0675324675324675,0.0675324675324675,0.0909090909090909,0.0909090909090909,0,NA,NA,NA,NA,NA,NA,NA,NA,NA,NA,NA,NA,NA,NA,NA,NA,NA,NA,NA,NA,NA,NA,NA,NA,NA,NA,NA,NA,NA,NA,NA,NA,NA,NA,NA,NA,NA,NA,NA,NA,NA,NA,NA,NA,NA,NA,NA,NA,NA,NA,NA,NA,NA,NA,NA,NA,NA,NA,NA,NA,NA,NA
"Mada.1497",0.0233766233766234,0.111688311688312,0.0415584415584416,0.0415584415584416,0.0415584415584416,0.0883116883116883,0.111688311688312,0.0883116883116883,0.0883116883116883,0.0467532467532468,0.0571428571428571,0.0571428571428571,0.0571428571428571,0.0571428571428571,0.0571428571428571,0.0571428571428571,0.025974025974026,0.0415584415584416,0.0675324675324675,0.0441558441558442,0.0597402597402597,0.0597402597402597,0.0597402597402597,0.0597402597402597,0.0597402597402597,0.0415584415584416,0.620779220779221,0.0467532467532468,0.0467532467532468,0.0779220779220779,0.0467532467532468,0.0623376623376623,0.0415584415584416,0.0415584415584416,0.0415584415584416,0.0415584415584416,0.103896103896104,0.0311688311688312,0.0415584415584416,0.0649350649350649,0.0597402597402597,0.0597402597402597,0.0597402597402597,0.0597402597402597,0.0831168831168831,0.0831168831168831,0.038961038961039,0,NA,NA,NA,NA,NA,NA,NA,NA,NA,NA,NA,NA,NA,NA,NA,NA,NA,NA,NA,NA,NA,NA,NA,NA,NA,NA,NA,NA,NA,NA,NA,NA,NA,NA,NA,NA,NA,NA,NA,NA,NA,NA,NA,NA,NA,NA,NA,NA,NA,NA,NA,NA,NA,NA,NA,NA,NA,NA,NA,NA,NA
"Mada.2466",0.0207792207792208,0.109090909090909,0.051948051948052,0.051948051948052,0.051948051948052,0.0857142857142857,0.109090909090909,0.0857142857142857,0.0857142857142857,0.051948051948052,0.0493506493506494,0.051948051948052,0.0493506493506494,0.0493506493506494,0.0493506493506494,0.0493506493506494,0.0311688311688312,0.0493506493506494,0.0753246753246753,0.0103896103896104,0.0545454545454545,0.0545454545454545,0.0545454545454545,0.0545454545454545,0.0545454545454545,0.0493506493506494,0.625974025974026,0.0311688311688312,0.0311688311688312,0.0441558441558442,0.0311688311688312,0.0337662337662338,0.0493506493506494,0.0493506493506494,0.0493506493506494,0.0493506493506494,0.111688311688312,0.0363636363636364,0.0493506493506494,0.0727272727272727,0.0545454545454545,0.0545454545454545,0.0545454545454545,0.0545454545454545,0.0779220779220779,0.0779220779220779,0.0337662337662338,0.0337662337662338,0,NA,NA,NA,NA,NA,NA,NA,NA,NA,NA,NA,NA,NA,NA,NA,NA,NA,NA,NA,NA,NA,NA,NA,NA,NA,NA,NA,NA,NA,NA,NA,NA,NA,NA,NA,NA,NA,NA,NA,NA,NA,NA,NA,NA,NA,NA,NA,NA,NA,NA,NA,NA,NA,NA,NA,NA,NA,NA,NA,NA
"Mada.3636",0.0233766233766234,0.111688311688312,0.0415584415584416,0.0415584415584416,0.0415584415584416,0.0883116883116883,0.111688311688312,0.0883116883116883,0.0883116883116883,0.0467532467532468,0.0571428571428571,0.0571428571428571,0.0571428571428571,0.0571428571428571,0.0571428571428571,0.0571428571428571,0.025974025974026,0.0415584415584416,0.0675324675324675,0.0441558441558442,0.0597402597402597,0.0597402597402597,0.0597402597402597,0.0597402597402597,0.0597402597402597,0.0415584415584416,0.620779220779221,0.0467532467532468,0.0467532467532468,0.0779220779220779,0.0467532467532468,0.0623376623376623,0.0415584415584416,0.0415584415584416,0.0415584415584416,0.0415584415584416,0.103896103896104,0.0311688311688312,0.0415584415584416,0.0649350649350649,0.0597402597402597,0.0597402597402597,0.0597402597402597,0.0597402597402597,0.0831168831168831,0.0831168831168831,0.038961038961039,0,0.0337662337662338,0,NA,NA,NA,NA,NA,NA,NA,NA,NA,NA,NA,NA,NA,NA,NA,NA,NA,NA,NA,NA,NA,NA,NA,NA,NA,NA,NA,NA,NA,NA,NA,NA,NA,NA,NA,NA,NA,NA,NA,NA,NA,NA,NA,NA,NA,NA,NA,NA,NA,NA,NA,NA,NA,NA,NA,NA,NA,NA,NA
"Mada.3838",0.0571428571428571,0.111688311688312,0.0025974025974026,0.0025974025974026,0.0025974025974026,0.0883116883116883,0.111688311688312,0.0883116883116883,0.0883116883116883,0.0675324675324675,0.0207792207792208,0.0701298701298701,0.0207792207792208,0.0207792207792208,0.0207792207792208,0.0207792207792208,0.0441558441558442,0,0.0623376623376623,0.0545454545454545,0.025974025974026,0.025974025974026,0.025974025974026,0.025974025974026,0.0233766233766234,0,0.631168831168831,0.0181818181818182,0.0181818181818182,0.0779220779220779,0.0181818181818182,0.0675324675324675,0,0,0,0,0.127272727272727,0.038961038961039,0,0.0233766233766234,0.025974025974026,0.025974025974026,0.025974025974026,0.025974025974026,0.0493506493506494,0.0493506493506494,0.0415584415584416,0.0415584415584416,0.0493506493506494,0.0415584415584416,0,NA,NA,NA,NA,NA,NA,NA,NA,NA,NA,NA,NA,NA,NA,NA,NA,NA,NA,NA,NA,NA,NA,NA,NA,NA,NA,NA,NA,NA,NA,NA,NA,NA,NA,NA,NA,NA,NA,NA,NA,NA,NA,NA,NA,NA,NA,NA,NA,NA,NA,NA,NA,NA,NA,NA,NA,NA,NA
"Mada.1360",0.0571428571428571,0.111688311688312,0.0025974025974026,0.0025974025974026,0.0025974025974026,0.0883116883116883,0.111688311688312,0.0883116883116883,0.0883116883116883,0.0675324675324675,0.0207792207792208,0.0701298701298701,0.0207792207792208,0.0207792207792208,0.0207792207792208,0.0207792207792208,0.0441558441558442,0,0.0623376623376623,0.0545454545454545,0.025974025974026,0.025974025974026,0.025974025974026,0.025974025974026,0.0233766233766234,0,0.631168831168831,0.0181818181818182,0.0181818181818182,0.0779220779220779,0.0181818181818182,0.0675324675324675,0,0,0,0,0.127272727272727,0.038961038961039,0,0.0233766233766234,0.025974025974026,0.025974025974026,0.025974025974026,0.025974025974026,0.0493506493506494,0.0493506493506494,0.0415584415584416,0.0415584415584416,0.0493506493506494,0.0415584415584416,0,0,NA,NA,NA,NA,NA,NA,NA,NA,NA,NA,NA,NA,NA,NA,NA,NA,NA,NA,NA,NA,NA,NA,NA,NA,NA,NA,NA,NA,NA,NA,NA,NA,NA,NA,NA,NA,NA,NA,NA,NA,NA,NA,NA,NA,NA,NA,NA,NA,NA,NA,NA,NA,NA,NA,NA,NA,NA
"Mada.2548",0.0441558441558442,0.114285714285714,0.0701298701298701,0.0701298701298701,0.0701298701298701,0.0909090909090909,0.114285714285714,0.0909090909090909,0.0909090909090909,0.0753246753246753,0.0675324675324675,0.0545454545454545,0.0675324675324675,0.0675324675324675,0.0675324675324675,0.0675324675324675,0.0545454545454545,0.0675324675324675,0.0675324675324675,0.0337662337662338,0.0727272727272727,0.0727272727272727,0.0727272727272727,0.0727272727272727,0.0727272727272727,0.0675324675324675,0.612987012987013,0.0493506493506494,0.0493506493506494,0.0155844155844156,0.0493506493506494,0,0.0675324675324675,0.0675324675324675,0.0675324675324675,0.0675324675324675,0.137662337662338,0.0597402597402597,0.0675324675324675,0.0909090909090909,0.0727272727272727,0.0727272727272727,0.0727272727272727,0.0727272727272727,0.0961038961038961,0.0961038961038961,0.0467532467532468,0.0623376623376623,0.0337662337662338,0.0623376623376623,0.0675324675324675,0.0675324675324675,0,NA,NA,NA,NA,NA,NA,NA,NA,NA,NA,NA,NA,NA,NA,NA,NA,NA,NA,NA,NA,NA,NA,NA,NA,NA,NA,NA,NA,NA,NA,NA,NA,NA,NA,NA,NA,NA,NA,NA,NA,NA,NA,NA,NA,NA,NA,NA,NA,NA,NA,NA,NA,NA,NA,NA,NA
"Mada.2842",0.0727272727272727,0.124675324675325,0.038961038961039,0.038961038961039,0.038961038961039,0.101298701298701,0.124675324675325,0.101298701298701,0.101298701298701,0.0675324675324675,0.0155844155844156,0.0857142857142857,0.0155844155844156,0.0155844155844156,0.0155844155844156,0.0155844155844156,0.0753246753246753,0.0363636363636364,0.0675324675324675,0.0701298701298701,0.0207792207792208,0.0207792207792208,0.0207792207792208,0.0207792207792208,0.0233766233766234,0.0363636363636364,0.623376623376623,0.0363636363636364,0.0363636363636364,0.0935064935064935,0.0363636363636364,0.0779220779220779,0.0363636363636364,0.0363636363636364,0.0363636363636364,0.0363636363636364,0.148051948051948,0.0753246753246753,0.0363636363636364,0.0597402597402597,0.0207792207792208,0.0207792207792208,0.0207792207792208,0.0207792207792208,0.0441558441558442,0.0441558441558442,0.0779220779220779,0.0675324675324675,0.0649350649350649,0.0675324675324675,0.0363636363636364,0.0363636363636364,0.0779220779220779,0,NA,NA,NA,NA,NA,NA,NA,NA,NA,NA,NA,NA,NA,NA,NA,NA,NA,NA,NA,NA,NA,NA,NA,NA,NA,NA,NA,NA,NA,NA,NA,NA,NA,NA,NA,NA,NA,NA,NA,NA,NA,NA,NA,NA,NA,NA,NA,NA,NA,NA,NA,NA,NA,NA,NA
"Mada.850",0.0727272727272727,0.124675324675325,0.038961038961039,0.038961038961039,0.038961038961039,0.101298701298701,0.124675324675325,0.101298701298701,0.101298701298701,0.0675324675324675,0.0155844155844156,0.0857142857142857,0.0155844155844156,0.0155844155844156,0.0155844155844156,0.0155844155844156,0.0753246753246753,0.0363636363636364,0.0675324675324675,0.0701298701298701,0.0207792207792208,0.0207792207792208,0.0207792207792208,0.0207792207792208,0.0233766233766234,0.0363636363636364,0.623376623376623,0.0363636363636364,0.0363636363636364,0.0935064935064935,0.0363636363636364,0.0779220779220779,0.0363636363636364,0.0363636363636364,0.0363636363636364,0.0363636363636364,0.148051948051948,0.0753246753246753,0.0363636363636364,0.0597402597402597,0.0207792207792208,0.0207792207792208,0.0207792207792208,0.0207792207792208,0.0441558441558442,0.0441558441558442,0.0779220779220779,0.0675324675324675,0.0649350649350649,0.0675324675324675,0.0363636363636364,0.0363636363636364,0.0779220779220779,0,0,NA,NA,NA,NA,NA,NA,NA,NA,NA,NA,NA,NA,NA,NA,NA,NA,NA,NA,NA,NA,NA,NA,NA,NA,NA,NA,NA,NA,NA,NA,NA,NA,NA,NA,NA,NA,NA,NA,NA,NA,NA,NA,NA,NA,NA,NA,NA,NA,NA,NA,NA,NA,NA,NA
"Mada.3707",0.0571428571428571,0.114285714285714,0,0,0,0.0909090909090909,0.114285714285714,0.0909090909090909,0.0909090909090909,0.0675324675324675,0.0233766233766234,0.0727272727272727,0.0233766233766234,0.0233766233766234,0.0233766233766234,0.0233766233766234,0.0467532467532468,0.0025974025974026,0.0597402597402597,0.0571428571428571,0.0233766233766234,0.0233766233766234,0.0233766233766234,0.0233766233766234,0.0207792207792208,0.0025974025974026,0.631168831168831,0.0207792207792208,0.0207792207792208,0.0805194805194805,0.0207792207792208,0.0701298701298701,0.0025974025974026,0.0025974025974026,0.0025974025974026,0.0025974025974026,0.12987012987013,0.0415584415584416,0.0025974025974026,0.025974025974026,0.0233766233766234,0.0233766233766234,0.0233766233766234,0.0233766233766234,0.0467532467532468,0.0467532467532468,0.0441558441558442,0.0415584415584416,0.051948051948052,0.0415584415584416,0.0025974025974026,0.0025974025974026,0.0701298701298701,0.038961038961039,0.038961038961039,0,NA,NA,NA,NA,NA,NA,NA,NA,NA,NA,NA,NA,NA,NA,NA,NA,NA,NA,NA,NA,NA,NA,NA,NA,NA,NA,NA,NA,NA,NA,NA,NA,NA,NA,NA,NA,NA,NA,NA,NA,NA,NA,NA,NA,NA,NA,NA,NA,NA,NA,NA,NA,NA
"Mada.3708",0.0649350649350649,0.114285714285714,0.0103896103896104,0.0103896103896104,0.0103896103896104,0.0909090909090909,0.114285714285714,0.0909090909090909,0.0909090909090909,0.0727272727272727,0.0285714285714286,0.0753246753246753,0.0285714285714286,0.0285714285714286,0.0285714285714286,0.0285714285714286,0.051948051948052,0.00779220779220779,0.0701298701298701,0.0623376623376623,0.0337662337662338,0.0337662337662338,0.0337662337662338,0.0337662337662338,0.0311688311688312,0.00779220779220779,0.631168831168831,0.025974025974026,0.025974025974026,0.0805194805194805,0.025974025974026,0.0727272727272727,0.00779220779220779,0.00779220779220779,0.00779220779220779,0.00779220779220779,0.132467532467532,0.0467532467532468,0.00779220779220779,0.0311688311688312,0.0337662337662338,0.0337662337662338,0.0337662337662338,0.0337662337662338,0.0571428571428571,0.0571428571428571,0.0467532467532468,0.0493506493506494,0.0571428571428571,0.0493506493506494,0.00779220779220779,0.00779220779220779,0.0727272727272727,0.0441558441558442,0.0441558441558442,0.0103896103896104,0,NA,NA,NA,NA,NA,NA,NA,NA,NA,NA,NA,NA,NA,NA,NA,NA,NA,NA,NA,NA,NA,NA,NA,NA,NA,NA,NA,NA,NA,NA,NA,NA,NA,NA,NA,NA,NA,NA,NA,NA,NA,NA,NA,NA,NA,NA,NA,NA,NA,NA,NA,NA
"Mada.936",0.0571428571428571,0.114285714285714,0,0,0,0.0909090909090909,0.114285714285714,0.0909090909090909,0.0909090909090909,0.0675324675324675,0.0233766233766234,0.0727272727272727,0.0233766233766234,0.0233766233766234,0.0233766233766234,0.0233766233766234,0.0467532467532468,0.0025974025974026,0.0597402597402597,0.0571428571428571,0.0233766233766234,0.0233766233766234,0.0233766233766234,0.0233766233766234,0.0207792207792208,0.0025974025974026,0.631168831168831,0.0207792207792208,0.0207792207792208,0.0805194805194805,0.0207792207792208,0.0701298701298701,0.0025974025974026,0.0025974025974026,0.0025974025974026,0.0025974025974026,0.12987012987013,0.0415584415584416,0.0025974025974026,0.025974025974026,0.0233766233766234,0.0233766233766234,0.0233766233766234,0.0233766233766234,0.0467532467532468,0.0467532467532468,0.0441558441558442,0.0415584415584416,0.051948051948052,0.0415584415584416,0.0025974025974026,0.0025974025974026,0.0701298701298701,0.038961038961039,0.038961038961039,0,0.0103896103896104,0,NA,NA,NA,NA,NA,NA,NA,NA,NA,NA,NA,NA,NA,NA,NA,NA,NA,NA,NA,NA,NA,NA,NA,NA,NA,NA,NA,NA,NA,NA,NA,NA,NA,NA,NA,NA,NA,NA,NA,NA,NA,NA,NA,NA,NA,NA,NA,NA,NA,NA,NA
"Mada.936",0.0571428571428571,0.114285714285714,0,0,0,0.0909090909090909,0.114285714285714,0.0909090909090909,0.0909090909090909,0.0675324675324675,0.0233766233766234,0.0727272727272727,0.0233766233766234,0.0233766233766234,0.0233766233766234,0.0233766233766234,0.0467532467532468,0.0025974025974026,0.0597402597402597,0.0571428571428571,0.0233766233766234,0.0233766233766234,0.0233766233766234,0.0233766233766234,0.0207792207792208,0.0025974025974026,0.631168831168831,0.0207792207792208,0.0207792207792208,0.0805194805194805,0.0207792207792208,0.0701298701298701,0.0025974025974026,0.0025974025974026,0.0025974025974026,0.0025974025974026,0.12987012987013,0.0415584415584416,0.0025974025974026,0.025974025974026,0.0233766233766234,0.0233766233766234,0.0233766233766234,0.0233766233766234,0.0467532467532468,0.0467532467532468,0.0441558441558442,0.0415584415584416,0.051948051948052,0.0415584415584416,0.0025974025974026,0.0025974025974026,0.0701298701298701,0.038961038961039,0.038961038961039,0,0.0103896103896104,0,0,NA,NA,NA,NA,NA,NA,NA,NA,NA,NA,NA,NA,NA,NA,NA,NA,NA,NA,NA,NA,NA,NA,NA,NA,NA,NA,NA,NA,NA,NA,NA,NA,NA,NA,NA,NA,NA,NA,NA,NA,NA,NA,NA,NA,NA,NA,NA,NA,NA,NA
"Mada.945",0.0571428571428571,0.114285714285714,0,0,0,0.0909090909090909,0.114285714285714,0.0909090909090909,0.0909090909090909,0.0675324675324675,0.0233766233766234,0.0727272727272727,0.0233766233766234,0.0233766233766234,0.0233766233766234,0.0233766233766234,0.0467532467532468,0.0025974025974026,0.0597402597402597,0.0571428571428571,0.0233766233766234,0.0233766233766234,0.0233766233766234,0.0233766233766234,0.0207792207792208,0.0025974025974026,0.631168831168831,0.0207792207792208,0.0207792207792208,0.0805194805194805,0.0207792207792208,0.0701298701298701,0.0025974025974026,0.0025974025974026,0.0025974025974026,0.0025974025974026,0.12987012987013,0.0415584415584416,0.0025974025974026,0.025974025974026,0.0233766233766234,0.0233766233766234,0.0233766233766234,0.0233766233766234,0.0467532467532468,0.0467532467532468,0.0441558441558442,0.0415584415584416,0.051948051948052,0.0415584415584416,0.0025974025974026,0.0025974025974026,0.0701298701298701,0.038961038961039,0.038961038961039,0,0.0103896103896104,0,0,0,NA,NA,NA,NA,NA,NA,NA,NA,NA,NA,NA,NA,NA,NA,NA,NA,NA,NA,NA,NA,NA,NA,NA,NA,NA,NA,NA,NA,NA,NA,NA,NA,NA,NA,NA,NA,NA,NA,NA,NA,NA,NA,NA,NA,NA,NA,NA,NA,NA
"Mada.945",0.0571428571428571,0.114285714285714,0,0,0,0.0909090909090909,0.114285714285714,0.0909090909090909,0.0909090909090909,0.0675324675324675,0.0233766233766234,0.0727272727272727,0.0233766233766234,0.0233766233766234,0.0233766233766234,0.0233766233766234,0.0467532467532468,0.0025974025974026,0.0597402597402597,0.0571428571428571,0.0233766233766234,0.0233766233766234,0.0233766233766234,0.0233766233766234,0.0207792207792208,0.0025974025974026,0.631168831168831,0.0207792207792208,0.0207792207792208,0.0805194805194805,0.0207792207792208,0.0701298701298701,0.0025974025974026,0.0025974025974026,0.0025974025974026,0.0025974025974026,0.12987012987013,0.0415584415584416,0.0025974025974026,0.025974025974026,0.0233766233766234,0.0233766233766234,0.0233766233766234,0.0233766233766234,0.0467532467532468,0.0467532467532468,0.0441558441558442,0.0415584415584416,0.051948051948052,0.0415584415584416,0.0025974025974026,0.0025974025974026,0.0701298701298701,0.038961038961039,0.038961038961039,0,0.0103896103896104,0,0,0,0,NA,NA,NA,NA,NA,NA,NA,NA,NA,NA,NA,NA,NA,NA,NA,NA,NA,NA,NA,NA,NA,NA,NA,NA,NA,NA,NA,NA,NA,NA,NA,NA,NA,NA,NA,NA,NA,NA,NA,NA,NA,NA,NA,NA,NA,NA,NA,NA
"Mada.13",0.618181818181818,0.633766233766234,0.625974025974026,0.625974025974026,0.625974025974026,0.628571428571429,0.633766233766234,0.628571428571429,0.628571428571429,0.631168831168831,0.625974025974026,0.625974025974026,0.625974025974026,0.625974025974026,0.625974025974026,0.625974025974026,0.625974025974026,0.628571428571429,0.628571428571429,0.623376623376623,0.625974025974026,0.625974025974026,0.625974025974026,0.625974025974026,0.628571428571429,0.628571428571429,0.038961038961039,0.625974025974026,0.625974025974026,0.618181818181818,0.625974025974026,0.620779220779221,0.628571428571429,0.628571428571429,0.628571428571429,0.628571428571429,0.641558441558442,0.628571428571429,0.628571428571429,0.633766233766234,0.625974025974026,0.625974025974026,0.625974025974026,0.625974025974026,0.631168831168831,0.631168831168831,0.623376623376623,0.625974025974026,0.623376623376623,0.625974025974026,0.628571428571429,0.628571428571429,0.620779220779221,0.623376623376623,0.623376623376623,0.625974025974026,0.628571428571429,0.625974025974026,0.625974025974026,0.625974025974026,0.625974025974026,0,NA,NA,NA,NA,NA,NA,NA,NA,NA,NA,NA,NA,NA,NA,NA,NA,NA,NA,NA,NA,NA,NA,NA,NA,NA,NA,NA,NA,NA,NA,NA,NA,NA,NA,NA,NA,NA,NA,NA,NA,NA,NA,NA,NA,NA,NA,NA
"Mada.15",0.618181818181818,0.633766233766234,0.625974025974026,0.625974025974026,0.625974025974026,0.628571428571429,0.633766233766234,0.628571428571429,0.628571428571429,0.631168831168831,0.625974025974026,0.625974025974026,0.625974025974026,0.625974025974026,0.625974025974026,0.625974025974026,0.625974025974026,0.628571428571429,0.628571428571429,0.623376623376623,0.625974025974026,0.625974025974026,0.625974025974026,0.625974025974026,0.628571428571429,0.628571428571429,0.038961038961039,0.625974025974026,0.625974025974026,0.618181818181818,0.625974025974026,0.620779220779221,0.628571428571429,0.628571428571429,0.628571428571429,0.628571428571429,0.641558441558442,0.628571428571429,0.628571428571429,0.633766233766234,0.625974025974026,0.625974025974026,0.625974025974026,0.625974025974026,0.631168831168831,0.631168831168831,0.623376623376623,0.625974025974026,0.623376623376623,0.625974025974026,0.628571428571429,0.628571428571429,0.620779220779221,0.623376623376623,0.623376623376623,0.625974025974026,0.628571428571429,0.625974025974026,0.625974025974026,0.625974025974026,0.625974025974026,0,0,NA,NA,NA,NA,NA,NA,NA,NA,NA,NA,NA,NA,NA,NA,NA,NA,NA,NA,NA,NA,NA,NA,NA,NA,NA,NA,NA,NA,NA,NA,NA,NA,NA,NA,NA,NA,NA,NA,NA,NA,NA,NA,NA,NA,NA,NA
"Mada.56",0.618181818181818,0.633766233766234,0.625974025974026,0.625974025974026,0.625974025974026,0.628571428571429,0.633766233766234,0.628571428571429,0.628571428571429,0.631168831168831,0.625974025974026,0.625974025974026,0.625974025974026,0.625974025974026,0.625974025974026,0.625974025974026,0.625974025974026,0.628571428571429,0.628571428571429,0.623376623376623,0.625974025974026,0.625974025974026,0.625974025974026,0.625974025974026,0.628571428571429,0.628571428571429,0.038961038961039,0.625974025974026,0.625974025974026,0.618181818181818,0.625974025974026,0.620779220779221,0.628571428571429,0.628571428571429,0.628571428571429,0.628571428571429,0.641558441558442,0.628571428571429,0.628571428571429,0.633766233766234,0.625974025974026,0.625974025974026,0.625974025974026,0.625974025974026,0.631168831168831,0.631168831168831,0.623376623376623,0.625974025974026,0.623376623376623,0.625974025974026,0.628571428571429,0.628571428571429,0.620779220779221,0.623376623376623,0.623376623376623,0.625974025974026,0.628571428571429,0.625974025974026,0.625974025974026,0.625974025974026,0.625974025974026,0,0,0,NA,NA,NA,NA,NA,NA,NA,NA,NA,NA,NA,NA,NA,NA,NA,NA,NA,NA,NA,NA,NA,NA,NA,NA,NA,NA,NA,NA,NA,NA,NA,NA,NA,NA,NA,NA,NA,NA,NA,NA,NA,NA,NA,NA,NA
"Mada.1445",0.025974025974026,0.103896103896104,0.0311688311688312,0.0311688311688312,0.0311688311688312,0.0805194805194805,0.103896103896104,0.0805194805194805,0.0805194805194805,0.0467532467532468,0.051948051948052,0.0467532467532468,0.051948051948052,0.051948051948052,0.051948051948052,0.051948051948052,0.0363636363636364,0.0311688311688312,0.0571428571428571,0.0467532467532468,0.0545454545454545,0.0545454545454545,0.0545454545454545,0.0545454545454545,0.051948051948052,0.0311688311688312,0.623376623376623,0.0493506493506494,0.0493506493506494,0.0701298701298701,0.0493506493506494,0.0597402597402597,0.0311688311688312,0.0311688311688312,0.0311688311688312,0.0311688311688312,0.116883116883117,0.0311688311688312,0.0311688311688312,0.0545454545454545,0.0545454545454545,0.0545454545454545,0.0545454545454545,0.0545454545454545,0.0779220779220779,0.0779220779220779,0.0181818181818182,0.0207792207792208,0.0363636363636364,0.0207792207792208,0.0311688311688312,0.0311688311688312,0.0597402597402597,0.0675324675324675,0.0675324675324675,0.0311688311688312,0.038961038961039,0.0311688311688312,0.0311688311688312,0.0311688311688312,0.0311688311688312,0.623376623376623,0.623376623376623,0.623376623376623,0,NA,NA,NA,NA,NA,NA,NA,NA,NA,NA,NA,NA,NA,NA,NA,NA,NA,NA,NA,NA,NA,NA,NA,NA,NA,NA,NA,NA,NA,NA,NA,NA,NA,NA,NA,NA,NA,NA,NA,NA,NA,NA,NA,NA
"Mada.1447",0.0363636363636364,0.111688311688312,0.0571428571428571,0.0571428571428571,0.0571428571428571,0.0883116883116883,0.111688311688312,0.0883116883116883,0.0883116883116883,0.051948051948052,0.0753246753246753,0.0467532467532468,0.0753246753246753,0.0753246753246753,0.0753246753246753,0.0753246753246753,0.0467532467532468,0.0571428571428571,0.0727272727272727,0.0675324675324675,0.0779220779220779,0.0779220779220779,0.0779220779220779,0.0779220779220779,0.0779220779220779,0.0571428571428571,0.618181818181818,0.0701298701298701,0.0701298701298701,0.0701298701298701,0.0701298701298701,0.0597402597402597,0.0571428571428571,0.0571428571428571,0.0571428571428571,0.0571428571428571,0.124675324675325,0.0467532467532468,0.0571428571428571,0.0805194805194805,0.0779220779220779,0.0779220779220779,0.0779220779220779,0.0779220779220779,0.101298701298701,0.101298701298701,0.0337662337662338,0.025974025974026,0.0571428571428571,0.025974025974026,0.0571428571428571,0.0571428571428571,0.0597402597402597,0.0805194805194805,0.0805194805194805,0.0571428571428571,0.0649350649350649,0.0571428571428571,0.0571428571428571,0.0571428571428571,0.0571428571428571,0.623376623376623,0.623376623376623,0.623376623376623,0.025974025974026,0,NA,NA,NA,NA,NA,NA,NA,NA,NA,NA,NA,NA,NA,NA,NA,NA,NA,NA,NA,NA,NA,NA,NA,NA,NA,NA,NA,NA,NA,NA,NA,NA,NA,NA,NA,NA,NA,NA,NA,NA,NA,NA,NA
"Mada.1447",0.0363636363636364,0.111688311688312,0.0571428571428571,0.0571428571428571,0.0571428571428571,0.0883116883116883,0.111688311688312,0.0883116883116883,0.0883116883116883,0.051948051948052,0.0753246753246753,0.0467532467532468,0.0753246753246753,0.0753246753246753,0.0753246753246753,0.0753246753246753,0.0467532467532468,0.0571428571428571,0.0727272727272727,0.0675324675324675,0.0779220779220779,0.0779220779220779,0.0779220779220779,0.0779220779220779,0.0779220779220779,0.0571428571428571,0.618181818181818,0.0701298701298701,0.0701298701298701,0.0701298701298701,0.0701298701298701,0.0597402597402597,0.0571428571428571,0.0571428571428571,0.0571428571428571,0.0571428571428571,0.124675324675325,0.0467532467532468,0.0571428571428571,0.0805194805194805,0.0779220779220779,0.0779220779220779,0.0779220779220779,0.0779220779220779,0.101298701298701,0.101298701298701,0.0337662337662338,0.025974025974026,0.0571428571428571,0.025974025974026,0.0571428571428571,0.0571428571428571,0.0597402597402597,0.0805194805194805,0.0805194805194805,0.0571428571428571,0.0649350649350649,0.0571428571428571,0.0571428571428571,0.0571428571428571,0.0571428571428571,0.623376623376623,0.623376623376623,0.623376623376623,0.025974025974026,0,0,NA,NA,NA,NA,NA,NA,NA,NA,NA,NA,NA,NA,NA,NA,NA,NA,NA,NA,NA,NA,NA,NA,NA,NA,NA,NA,NA,NA,NA,NA,NA,NA,NA,NA,NA,NA,NA,NA,NA,NA,NA,NA
"Mada.2050",0.0571428571428571,0.111688311688312,0.0025974025974026,0.0025974025974026,0.0025974025974026,0.0883116883116883,0.111688311688312,0.0883116883116883,0.0883116883116883,0.0675324675324675,0.0207792207792208,0.0701298701298701,0.0207792207792208,0.0207792207792208,0.0207792207792208,0.0207792207792208,0.0441558441558442,0,0.0623376623376623,0.0545454545454545,0.025974025974026,0.025974025974026,0.025974025974026,0.025974025974026,0.0233766233766234,0,0.631168831168831,0.0181818181818182,0.0181818181818182,0.0779220779220779,0.0181818181818182,0.0675324675324675,0,0,0,0,0.127272727272727,0.038961038961039,0,0.0233766233766234,0.025974025974026,0.025974025974026,0.025974025974026,0.025974025974026,0.0493506493506494,0.0493506493506494,0.0415584415584416,0.0415584415584416,0.0493506493506494,0.0415584415584416,0,0,0.0675324675324675,0.0363636363636364,0.0363636363636364,0.0025974025974026,0.00779220779220779,0.0025974025974026,0.0025974025974026,0.0025974025974026,0.0025974025974026,0.628571428571429,0.628571428571429,0.628571428571429,0.0311688311688312,0.0571428571428571,0.0571428571428571,0,NA,NA,NA,NA,NA,NA,NA,NA,NA,NA,NA,NA,NA,NA,NA,NA,NA,NA,NA,NA,NA,NA,NA,NA,NA,NA,NA,NA,NA,NA,NA,NA,NA,NA,NA,NA,NA,NA,NA,NA,NA
"Mada.3098",0.0285714285714286,0.111688311688312,0.0597402597402597,0.0597402597402597,0.0597402597402597,0.0883116883116883,0.111688311688312,0.0883116883116883,0.0883116883116883,0.0597402597402597,0.0597402597402597,0.0545454545454545,0.0597402597402597,0.0597402597402597,0.0597402597402597,0.0597402597402597,0.012987012987013,0.0571428571428571,0.0675324675324675,0.00779220779220779,0.0649350649350649,0.0649350649350649,0.0649350649350649,0.0649350649350649,0.0649350649350649,0.0571428571428571,0.628571428571429,0.038961038961039,0.038961038961039,0.0415584415584416,0.038961038961039,0.0415584415584416,0.0571428571428571,0.0571428571428571,0.0571428571428571,0.0571428571428571,0.0987012987012987,0.0181818181818182,0.0571428571428571,0.0805194805194805,0.0649350649350649,0.0649350649350649,0.0649350649350649,0.0649350649350649,0.0883116883116883,0.0883116883116883,0.0467532467532468,0.0363636363636364,0.0181818181818182,0.0363636363636364,0.0571428571428571,0.0571428571428571,0.0415584415584416,0.0753246753246753,0.0753246753246753,0.0597402597402597,0.0649350649350649,0.0597402597402597,0.0597402597402597,0.0597402597402597,0.0597402597402597,0.625974025974026,0.625974025974026,0.625974025974026,0.0493506493506494,0.0597402597402597,0.0597402597402597,0.0571428571428571,0,NA,NA,NA,NA,NA,NA,NA,NA,NA,NA,NA,NA,NA,NA,NA,NA,NA,NA,NA,NA,NA,NA,NA,NA,NA,NA,NA,NA,NA,NA,NA,NA,NA,NA,NA,NA,NA,NA,NA,NA
"Mada.3100",0.0441558441558442,0.114285714285714,0.0701298701298701,0.0701298701298701,0.0701298701298701,0.0909090909090909,0.114285714285714,0.0909090909090909,0.0909090909090909,0.0753246753246753,0.0675324675324675,0.0545454545454545,0.0675324675324675,0.0675324675324675,0.0675324675324675,0.0675324675324675,0.0545454545454545,0.0675324675324675,0.0675324675324675,0.0337662337662338,0.0727272727272727,0.0727272727272727,0.0727272727272727,0.0727272727272727,0.0727272727272727,0.0675324675324675,0.612987012987013,0.0493506493506494,0.0493506493506494,0.0155844155844156,0.0493506493506494,0,0.0675324675324675,0.0675324675324675,0.0675324675324675,0.0675324675324675,0.137662337662338,0.0597402597402597,0.0675324675324675,0.0909090909090909,0.0727272727272727,0.0727272727272727,0.0727272727272727,0.0727272727272727,0.0961038961038961,0.0961038961038961,0.0467532467532468,0.0623376623376623,0.0337662337662338,0.0623376623376623,0.0675324675324675,0.0675324675324675,0,0.0779220779220779,0.0779220779220779,0.0701298701298701,0.0727272727272727,0.0701298701298701,0.0701298701298701,0.0701298701298701,0.0701298701298701,0.620779220779221,0.620779220779221,0.620779220779221,0.0597402597402597,0.0597402597402597,0.0597402597402597,0.0675324675324675,0.0415584415584416,0,NA,NA,NA,NA,NA,NA,NA,NA,NA,NA,NA,NA,NA,NA,NA,NA,NA,NA,NA,NA,NA,NA,NA,NA,NA,NA,NA,NA,NA,NA,NA,NA,NA,NA,NA,NA,NA,NA,NA
"Mada.3107",0.0571428571428571,0.114285714285714,0,0,0,0.0909090909090909,0.114285714285714,0.0909090909090909,0.0909090909090909,0.0675324675324675,0.0233766233766234,0.0727272727272727,0.0233766233766234,0.0233766233766234,0.0233766233766234,0.0233766233766234,0.0467532467532468,0.0025974025974026,0.0597402597402597,0.0571428571428571,0.0233766233766234,0.0233766233766234,0.0233766233766234,0.0233766233766234,0.0207792207792208,0.0025974025974026,0.631168831168831,0.0207792207792208,0.0207792207792208,0.0805194805194805,0.0207792207792208,0.0701298701298701,0.0025974025974026,0.0025974025974026,0.0025974025974026,0.0025974025974026,0.12987012987013,0.0415584415584416,0.0025974025974026,0.025974025974026,0.0233766233766234,0.0233766233766234,0.0233766233766234,0.0233766233766234,0.0467532467532468,0.0467532467532468,0.0441558441558442,0.0415584415584416,0.051948051948052,0.0415584415584416,0.0025974025974026,0.0025974025974026,0.0701298701298701,0.038961038961039,0.038961038961039,0,0.0103896103896104,0,0,0,0,0.625974025974026,0.625974025974026,0.625974025974026,0.0311688311688312,0.0571428571428571,0.0571428571428571,0.0025974025974026,0.0597402597402597,0.0701298701298701,0,NA,NA,NA,NA,NA,NA,NA,NA,NA,NA,NA,NA,NA,NA,NA,NA,NA,NA,NA,NA,NA,NA,NA,NA,NA,NA,NA,NA,NA,NA,NA,NA,NA,NA,NA,NA,NA,NA
"Mada.11",0.0571428571428571,0.111688311688312,0.0025974025974026,0.0025974025974026,0.0025974025974026,0.0883116883116883,0.111688311688312,0.0883116883116883,0.0883116883116883,0.0675324675324675,0.0207792207792208,0.0701298701298701,0.0207792207792208,0.0207792207792208,0.0207792207792208,0.0207792207792208,0.0441558441558442,0,0.0623376623376623,0.0545454545454545,0.025974025974026,0.025974025974026,0.025974025974026,0.025974025974026,0.0233766233766234,0,0.631168831168831,0.0181818181818182,0.0181818181818182,0.0779220779220779,0.0181818181818182,0.0675324675324675,0,0,0,0,0.127272727272727,0.038961038961039,0,0.0233766233766234,0.025974025974026,0.025974025974026,0.025974025974026,0.025974025974026,0.0493506493506494,0.0493506493506494,0.0415584415584416,0.0415584415584416,0.0493506493506494,0.0415584415584416,0,0,0.0675324675324675,0.0363636363636364,0.0363636363636364,0.0025974025974026,0.00779220779220779,0.0025974025974026,0.0025974025974026,0.0025974025974026,0.0025974025974026,0.628571428571429,0.628571428571429,0.628571428571429,0.0311688311688312,0.0571428571428571,0.0571428571428571,0,0.0571428571428571,0.0675324675324675,0.0025974025974026,0,NA,NA,NA,NA,NA,NA,NA,NA,NA,NA,NA,NA,NA,NA,NA,NA,NA,NA,NA,NA,NA,NA,NA,NA,NA,NA,NA,NA,NA,NA,NA,NA,NA,NA,NA,NA,NA
"Mada.22",0.618181818181818,0.631168831168831,0.631168831168831,0.631168831168831,0.631168831168831,0.628571428571429,0.631168831168831,0.628571428571429,0.628571428571429,0.628571428571429,0.628571428571429,0.625974025974026,0.628571428571429,0.628571428571429,0.628571428571429,0.628571428571429,0.625974025974026,0.631168831168831,0.633766233766234,0.623376623376623,0.631168831168831,0.631168831168831,0.631168831168831,0.631168831168831,0.633766233766234,0.631168831168831,0.0415584415584416,0.628571428571429,0.628571428571429,0.615584415584416,0.628571428571429,0.615584415584416,0.631168831168831,0.631168831168831,0.631168831168831,0.631168831168831,0.636363636363636,0.628571428571429,0.631168831168831,0.633766233766234,0.631168831168831,0.631168831168831,0.631168831168831,0.631168831168831,0.633766233766234,0.633766233766234,0.623376623376623,0.620779220779221,0.623376623376623,0.620779220779221,0.631168831168831,0.631168831168831,0.615584415584416,0.623376623376623,0.623376623376623,0.631168831168831,0.631168831168831,0.631168831168831,0.631168831168831,0.631168831168831,0.631168831168831,0.0623376623376623,0.0623376623376623,0.0623376623376623,0.623376623376623,0.618181818181818,0.618181818181818,0.631168831168831,0.625974025974026,0.615584415584416,0.631168831168831,0.631168831168831,0,NA,NA,NA,NA,NA,NA,NA,NA,NA,NA,NA,NA,NA,NA,NA,NA,NA,NA,NA,NA,NA,NA,NA,NA,NA,NA,NA,NA,NA,NA,NA,NA,NA,NA,NA,NA
"Mada.2866",0.051948051948052,0.119480519480519,0.038961038961039,0.038961038961039,0.038961038961039,0.0961038961038961,0.119480519480519,0.0961038961038961,0.0961038961038961,0.0597402597402597,0.025974025974026,0.0831168831168831,0.025974025974026,0.025974025974026,0.025974025974026,0.025974025974026,0.0701298701298701,0.0363636363636364,0.0779220779220779,0.0493506493506494,0.0311688311688312,0.0311688311688312,0.0311688311688312,0.0311688311688312,0.0311688311688312,0.0363636363636364,0.625974025974026,0.0181818181818182,0.0181818181818182,0.0675324675324675,0.0181818181818182,0.0545454545454545,0.0363636363636364,0.0363636363636364,0.0363636363636364,0.0363636363636364,0.145454545454545,0.0753246753246753,0.0363636363636364,0.0597402597402597,0.0311688311688312,0.0311688311688312,0.0311688311688312,0.0311688311688312,0.0545454545454545,0.0545454545454545,0.0753246753246753,0.0597402597402597,0.0441558441558442,0.0597402597402597,0.0363636363636364,0.0363636363636364,0.0545454545454545,0.0311688311688312,0.0311688311688312,0.038961038961039,0.0337662337662338,0.038961038961039,0.038961038961039,0.038961038961039,0.038961038961039,0.625974025974026,0.625974025974026,0.625974025974026,0.0675324675324675,0.0831168831168831,0.0831168831168831,0.0363636363636364,0.0571428571428571,0.0545454545454545,0.038961038961039,0.0363636363636364,0.625974025974026,0,NA,NA,NA,NA,NA,NA,NA,NA,NA,NA,NA,NA,NA,NA,NA,NA,NA,NA,NA,NA,NA,NA,NA,NA,NA,NA,NA,NA,NA,NA,NA,NA,NA,NA,NA
"Mada.100",0.0545454545454545,0.122077922077922,0.0805194805194805,0.0805194805194805,0.0805194805194805,0.0987012987012987,0.122077922077922,0.0987012987012987,0.0987012987012987,0.0701298701298701,0.0779220779220779,0.0649350649350649,0.0779220779220779,0.0779220779220779,0.0779220779220779,0.0779220779220779,0.0545454545454545,0.0779220779220779,0.0779220779220779,0.0337662337662338,0.0831168831168831,0.0831168831168831,0.0831168831168831,0.0831168831168831,0.0831168831168831,0.0779220779220779,0.615584415584416,0.0597402597402597,0.0597402597402597,0,0.0597402597402597,0.0155844155844156,0.0779220779220779,0.0779220779220779,0.0779220779220779,0.0779220779220779,0.14025974025974,0.0597402597402597,0.0779220779220779,0.101298701298701,0.0831168831168831,0.0831168831168831,0.0831168831168831,0.0831168831168831,0.106493506493506,0.106493506493506,0.051948051948052,0.0779220779220779,0.0441558441558442,0.0779220779220779,0.0779220779220779,0.0779220779220779,0.0155844155844156,0.0935064935064935,0.0935064935064935,0.0805194805194805,0.0805194805194805,0.0805194805194805,0.0805194805194805,0.0805194805194805,0.0805194805194805,0.618181818181818,0.618181818181818,0.618181818181818,0.0701298701298701,0.0701298701298701,0.0701298701298701,0.0779220779220779,0.0415584415584416,0.0155844155844156,0.0805194805194805,0.0779220779220779,0.615584415584416,0.0675324675324675,0,NA,NA,NA,NA,NA,NA,NA,NA,NA,NA,NA,NA,NA,NA,NA,NA,NA,NA,NA,NA,NA,NA,NA,NA,NA,NA,NA,NA,NA,NA,NA,NA,NA,NA
"Mada.91",0.0571428571428571,0.111688311688312,0.0025974025974026,0.0025974025974026,0.0025974025974026,0.0883116883116883,0.111688311688312,0.0883116883116883,0.0883116883116883,0.0675324675324675,0.0207792207792208,0.0701298701298701,0.0207792207792208,0.0207792207792208,0.0207792207792208,0.0207792207792208,0.0441558441558442,0,0.0623376623376623,0.0545454545454545,0.025974025974026,0.025974025974026,0.025974025974026,0.025974025974026,0.0233766233766234,0,0.631168831168831,0.0181818181818182,0.0181818181818182,0.0779220779220779,0.0181818181818182,0.0675324675324675,0,0,0,0,0.127272727272727,0.038961038961039,0,0.0233766233766234,0.025974025974026,0.025974025974026,0.025974025974026,0.025974025974026,0.0493506493506494,0.0493506493506494,0.0415584415584416,0.0415584415584416,0.0493506493506494,0.0415584415584416,0,0,0.0675324675324675,0.0363636363636364,0.0363636363636364,0.0025974025974026,0.00779220779220779,0.0025974025974026,0.0025974025974026,0.0025974025974026,0.0025974025974026,0.628571428571429,0.628571428571429,0.628571428571429,0.0311688311688312,0.0571428571428571,0.0571428571428571,0,0.0571428571428571,0.0675324675324675,0.0025974025974026,0,0.631168831168831,0.0363636363636364,0.0779220779220779,0,NA,NA,NA,NA,NA,NA,NA,NA,NA,NA,NA,NA,NA,NA,NA,NA,NA,NA,NA,NA,NA,NA,NA,NA,NA,NA,NA,NA,NA,NA,NA,NA,NA
"Mada.1813",0.0571428571428571,0.111688311688312,0.0233766233766234,0.0233766233766234,0.0233766233766234,0.0883116883116883,0.111688311688312,0.0883116883116883,0.0883116883116883,0.0571428571428571,0,0.0701298701298701,0,0,0,0,0.0597402597402597,0.0207792207792208,0.0623376623376623,0.0545454545454545,0.00519480519480519,0.00519480519480519,0.00519480519480519,0.00519480519480519,0.00779220779220779,0.0207792207792208,0.628571428571429,0.0207792207792208,0.0207792207792208,0.0779220779220779,0.0207792207792208,0.0675324675324675,0.0207792207792208,0.0207792207792208,0.0207792207792208,0.0207792207792208,0.137662337662338,0.0597402597402597,0.0207792207792208,0.0441558441558442,0.00519480519480519,0.00519480519480519,0.00519480519480519,0.00519480519480519,0.0285714285714286,0.0285714285714286,0.0623376623376623,0.0571428571428571,0.0493506493506494,0.0571428571428571,0.0207792207792208,0.0207792207792208,0.0675324675324675,0.0155844155844156,0.0155844155844156,0.0233766233766234,0.0285714285714286,0.0233766233766234,0.0233766233766234,0.0233766233766234,0.0233766233766234,0.625974025974026,0.625974025974026,0.625974025974026,0.051948051948052,0.0753246753246753,0.0753246753246753,0.0207792207792208,0.0597402597402597,0.0675324675324675,0.0233766233766234,0.0207792207792208,0.628571428571429,0.025974025974026,0.0779220779220779,0.0207792207792208,0,NA,NA,NA,NA,NA,NA,NA,NA,NA,NA,NA,NA,NA,NA,NA,NA,NA,NA,NA,NA,NA,NA,NA,NA,NA,NA,NA,NA,NA,NA,NA,NA
"Mada.2627",0.0285714285714286,0.109090909090909,0.0493506493506494,0.0493506493506494,0.0493506493506494,0.0857142857142857,0.109090909090909,0.0857142857142857,0.0857142857142857,0.0493506493506494,0.0675324675324675,0.0493506493506494,0.0675324675324675,0.0675324675324675,0.0675324675324675,0.0675324675324675,0.038961038961039,0.0493506493506494,0.0649350649350649,0.0597402597402597,0.0701298701298701,0.0701298701298701,0.0701298701298701,0.0701298701298701,0.0701298701298701,0.0493506493506494,0.612987012987013,0.0623376623376623,0.0623376623376623,0.0779220779220779,0.0623376623376623,0.0623376623376623,0.0493506493506494,0.0493506493506494,0.0493506493506494,0.0493506493506494,0.116883116883117,0.038961038961039,0.0493506493506494,0.0727272727272727,0.0701298701298701,0.0701298701298701,0.0701298701298701,0.0701298701298701,0.0935064935064935,0.0935064935064935,0.0311688311688312,0.0181818181818182,0.0493506493506494,0.0181818181818182,0.0493506493506494,0.0493506493506494,0.0623376623376623,0.0727272727272727,0.0727272727272727,0.0493506493506494,0.0571428571428571,0.0493506493506494,0.0493506493506494,0.0493506493506494,0.0493506493506494,0.618181818181818,0.618181818181818,0.618181818181818,0.0181818181818182,0.00779220779220779,0.00779220779220779,0.0493506493506494,0.051948051948052,0.0623376623376623,0.0493506493506494,0.0493506493506494,0.612987012987013,0.0753246753246753,0.0779220779220779,0.0493506493506494,0.0675324675324675,0,NA,NA,NA,NA,NA,NA,NA,NA,NA,NA,NA,NA,NA,NA,NA,NA,NA,NA,NA,NA,NA,NA,NA,NA,NA,NA,NA,NA,NA,NA,NA
"Mada.3112",0.0571428571428571,0.111688311688312,0.0025974025974026,0.0025974025974026,0.0025974025974026,0.0883116883116883,0.111688311688312,0.0883116883116883,0.0883116883116883,0.0675324675324675,0.0207792207792208,0.0701298701298701,0.0207792207792208,0.0207792207792208,0.0207792207792208,0.0207792207792208,0.0441558441558442,0,0.0623376623376623,0.0545454545454545,0.025974025974026,0.025974025974026,0.025974025974026,0.025974025974026,0.0233766233766234,0,0.631168831168831,0.0181818181818182,0.0181818181818182,0.0779220779220779,0.0181818181818182,0.0675324675324675,0,0,0,0,0.127272727272727,0.038961038961039,0,0.0233766233766234,0.025974025974026,0.025974025974026,0.025974025974026,0.025974025974026,0.0493506493506494,0.0493506493506494,0.0415584415584416,0.0415584415584416,0.0493506493506494,0.0415584415584416,0,0,0.0675324675324675,0.0363636363636364,0.0363636363636364,0.0025974025974026,0.00779220779220779,0.0025974025974026,0.0025974025974026,0.0025974025974026,0.0025974025974026,0.628571428571429,0.628571428571429,0.628571428571429,0.0311688311688312,0.0571428571428571,0.0571428571428571,0,0.0571428571428571,0.0675324675324675,0.0025974025974026,0,0.631168831168831,0.0363636363636364,0.0779220779220779,0,0.0207792207792208,0.0493506493506494,0,NA,NA,NA,NA,NA,NA,NA,NA,NA,NA,NA,NA,NA,NA,NA,NA,NA,NA,NA,NA,NA,NA,NA,NA,NA,NA,NA,NA,NA,NA
"Mada.3133",0.0571428571428571,0.111688311688312,0.0025974025974026,0.0025974025974026,0.0025974025974026,0.0883116883116883,0.111688311688312,0.0883116883116883,0.0883116883116883,0.0675324675324675,0.0207792207792208,0.0701298701298701,0.0207792207792208,0.0207792207792208,0.0207792207792208,0.0207792207792208,0.0441558441558442,0,0.0623376623376623,0.0545454545454545,0.025974025974026,0.025974025974026,0.025974025974026,0.025974025974026,0.0233766233766234,0,0.631168831168831,0.0181818181818182,0.0181818181818182,0.0779220779220779,0.0181818181818182,0.0675324675324675,0,0,0,0,0.127272727272727,0.038961038961039,0,0.0233766233766234,0.025974025974026,0.025974025974026,0.025974025974026,0.025974025974026,0.0493506493506494,0.0493506493506494,0.0415584415584416,0.0415584415584416,0.0493506493506494,0.0415584415584416,0,0,0.0675324675324675,0.0363636363636364,0.0363636363636364,0.0025974025974026,0.00779220779220779,0.0025974025974026,0.0025974025974026,0.0025974025974026,0.0025974025974026,0.628571428571429,0.628571428571429,0.628571428571429,0.0311688311688312,0.0571428571428571,0.0571428571428571,0,0.0571428571428571,0.0675324675324675,0.0025974025974026,0,0.631168831168831,0.0363636363636364,0.0779220779220779,0,0.0207792207792208,0.0493506493506494,0,0,NA,NA,NA,NA,NA,NA,NA,NA,NA,NA,NA,NA,NA,NA,NA,NA,NA,NA,NA,NA,NA,NA,NA,NA,NA,NA,NA,NA,NA
"Mada.1164",0.0441558441558442,0.114285714285714,0.0701298701298701,0.0701298701298701,0.0701298701298701,0.0909090909090909,0.114285714285714,0.0909090909090909,0.0909090909090909,0.0753246753246753,0.0675324675324675,0.0545454545454545,0.0675324675324675,0.0675324675324675,0.0675324675324675,0.0675324675324675,0.0545454545454545,0.0675324675324675,0.0675324675324675,0.0337662337662338,0.0727272727272727,0.0727272727272727,0.0727272727272727,0.0727272727272727,0.0727272727272727,0.0675324675324675,0.612987012987013,0.0493506493506494,0.0493506493506494,0.0155844155844156,0.0493506493506494,0,0.0675324675324675,0.0675324675324675,0.0675324675324675,0.0675324675324675,0.137662337662338,0.0597402597402597,0.0675324675324675,0.0909090909090909,0.0727272727272727,0.0727272727272727,0.0727272727272727,0.0727272727272727,0.0961038961038961,0.0961038961038961,0.0467532467532468,0.0623376623376623,0.0337662337662338,0.0623376623376623,0.0675324675324675,0.0675324675324675,0,0.0779220779220779,0.0779220779220779,0.0701298701298701,0.0727272727272727,0.0701298701298701,0.0701298701298701,0.0701298701298701,0.0701298701298701,0.620779220779221,0.620779220779221,0.620779220779221,0.0597402597402597,0.0597402597402597,0.0597402597402597,0.0675324675324675,0.0415584415584416,0,0.0701298701298701,0.0675324675324675,0.615584415584416,0.0545454545454545,0.0155844155844156,0.0675324675324675,0.0675324675324675,0.0623376623376623,0.0675324675324675,0.0675324675324675,0,NA,NA,NA,NA,NA,NA,NA,NA,NA,NA,NA,NA,NA,NA,NA,NA,NA,NA,NA,NA,NA,NA,NA,NA,NA,NA,NA,NA
"Mada.1165",0.0181818181818182,0.111688311688312,0.0545454545454545,0.0545454545454545,0.0545454545454545,0.0883116883116883,0.111688311688312,0.0883116883116883,0.0883116883116883,0.0337662337662338,0.051948051948052,0.0545454545454545,0.051948051948052,0.051948051948052,0.051948051948052,0.051948051948052,0.0441558441558442,0.0545454545454545,0.0649350649350649,0.038961038961039,0.0545454545454545,0.0545454545454545,0.0545454545454545,0.0545454545454545,0.0545454545454545,0.0545454545454545,0.628571428571429,0.0467532467532468,0.0467532467532468,0.0675324675324675,0.0467532467532468,0.0623376623376623,0.0545454545454545,0.0545454545454545,0.0545454545454545,0.0545454545454545,0.119480519480519,0.0441558441558442,0.0545454545454545,0.0779220779220779,0.0545454545454545,0.0545454545454545,0.0545454545454545,0.0545454545454545,0.0779220779220779,0.0779220779220779,0.0467532467532468,0.025974025974026,0.0285714285714286,0.025974025974026,0.0545454545454545,0.0545454545454545,0.0623376623376623,0.0675324675324675,0.0675324675324675,0.0545454545454545,0.0623376623376623,0.0545454545454545,0.0545454545454545,0.0545454545454545,0.0545454545454545,0.628571428571429,0.628571428571429,0.628571428571429,0.0337662337662338,0.038961038961039,0.038961038961039,0.0545454545454545,0.0363636363636364,0.0623376623376623,0.0545454545454545,0.0545454545454545,0.628571428571429,0.0493506493506494,0.0675324675324675,0.0545454545454545,0.051948051948052,0.0363636363636364,0.0545454545454545,0.0545454545454545,0.0623376623376623,0,NA,NA,NA,NA,NA,NA,NA,NA,NA,NA,NA,NA,NA,NA,NA,NA,NA,NA,NA,NA,NA,NA,NA,NA,NA,NA,NA
"Mada.1470",0.101298701298701,0.0337662337662338,0.0961038961038961,0.0961038961038961,0.0961038961038961,0.0103896103896104,0.0337662337662338,0.0103896103896104,0.0103896103896104,0.0961038961038961,0.0935064935064935,0.0649350649350649,0.0935064935064935,0.0935064935064935,0.0935064935064935,0.0935064935064935,0.0909090909090909,0.0935064935064935,0.0883116883116883,0.0909090909090909,0.0987012987012987,0.0987012987012987,0.0987012987012987,0.0987012987012987,0.0961038961038961,0.0935064935064935,0.631168831168831,0.101298701298701,0.101298701298701,0.0883116883116883,0.101298701298701,0.0909090909090909,0.0935064935064935,0.0935064935064935,0.0935064935064935,0.0935064935064935,0.161038961038961,0.0857142857142857,0.0935064935064935,0.116883116883117,0.0987012987012987,0.0987012987012987,0.0987012987012987,0.0987012987012987,0.122077922077922,0.122077922077922,0.0779220779220779,0.0935064935064935,0.0909090909090909,0.0935064935064935,0.0935064935064935,0.0935064935064935,0.0909090909090909,0.106493506493506,0.106493506493506,0.0961038961038961,0.0961038961038961,0.0961038961038961,0.0961038961038961,0.0961038961038961,0.0961038961038961,0.631168831168831,0.631168831168831,0.631168831168831,0.0857142857142857,0.0831168831168831,0.0831168831168831,0.0935064935064935,0.0935064935064935,0.0909090909090909,0.0961038961038961,0.0935064935064935,0.628571428571429,0.101298701298701,0.0883116883116883,0.0935064935064935,0.0935064935064935,0.0909090909090909,0.0935064935064935,0.0935064935064935,0.0909090909090909,0.0883116883116883,0,NA,NA,NA,NA,NA,NA,NA,NA,NA,NA,NA,NA,NA,NA,NA,NA,NA,NA,NA,NA,NA,NA,NA,NA,NA,NA
"Mada.1471",0.0623376623376623,0.119480519480519,0.00519480519480519,0.00519480519480519,0.00519480519480519,0.0961038961038961,0.119480519480519,0.0961038961038961,0.0961038961038961,0.0727272727272727,0.0285714285714286,0.0779220779220779,0.0285714285714286,0.0285714285714286,0.0285714285714286,0.0285714285714286,0.051948051948052,0.00779220779220779,0.0623376623376623,0.0623376623376623,0.0285714285714286,0.0285714285714286,0.0285714285714286,0.0285714285714286,0.025974025974026,0.00779220779220779,0.631168831168831,0.025974025974026,0.025974025974026,0.0831168831168831,0.025974025974026,0.0727272727272727,0.00779220779220779,0.00779220779220779,0.00779220779220779,0.00779220779220779,0.135064935064935,0.0467532467532468,0.00779220779220779,0.0311688311688312,0.0285714285714286,0.0285714285714286,0.0285714285714286,0.0285714285714286,0.051948051948052,0.051948051948052,0.0493506493506494,0.0467532467532468,0.0571428571428571,0.0467532467532468,0.00779220779220779,0.00779220779220779,0.0727272727272727,0.0441558441558442,0.0441558441558442,0.00519480519480519,0.0155844155844156,0.00519480519480519,0.00519480519480519,0.00519480519480519,0.00519480519480519,0.628571428571429,0.628571428571429,0.628571428571429,0.0363636363636364,0.0623376623376623,0.0623376623376623,0.00779220779220779,0.0649350649350649,0.0727272727272727,0.00519480519480519,0.00779220779220779,0.633766233766234,0.0441558441558442,0.0831168831168831,0.00779220779220779,0.0285714285714286,0.0545454545454545,0.00779220779220779,0.00779220779220779,0.0727272727272727,0.0597402597402597,0.101298701298701,0,NA,NA,NA,NA,NA,NA,NA,NA,NA,NA,NA,NA,NA,NA,NA,NA,NA,NA,NA,NA,NA,NA,NA,NA,NA
"Mada.1489",0.025974025974026,0.119480519480519,0.0623376623376623,0.0623376623376623,0.0623376623376623,0.0961038961038961,0.119480519480519,0.0961038961038961,0.0961038961038961,0.0571428571428571,0.0597402597402597,0.0467532467532468,0.0597402597402597,0.0597402597402597,0.0597402597402597,0.0597402597402597,0.0363636363636364,0.0597402597402597,0.0597402597402597,0.025974025974026,0.0649350649350649,0.0649350649350649,0.0649350649350649,0.0649350649350649,0.0649350649350649,0.0597402597402597,0.623376623376623,0.0415584415584416,0.0415584415584416,0.0285714285714286,0.0415584415584416,0.0181818181818182,0.0597402597402597,0.0597402597402597,0.0597402597402597,0.0597402597402597,0.122077922077922,0.0415584415584416,0.0597402597402597,0.0831168831168831,0.0649350649350649,0.0649350649350649,0.0649350649350649,0.0649350649350649,0.0883116883116883,0.0883116883116883,0.0493506493506494,0.0493506493506494,0.025974025974026,0.0493506493506494,0.0597402597402597,0.0597402597402597,0.0181818181818182,0.0753246753246753,0.0753246753246753,0.0623376623376623,0.0675324675324675,0.0623376623376623,0.0623376623376623,0.0623376623376623,0.0623376623376623,0.620779220779221,0.620779220779221,0.620779220779221,0.051948051948052,0.051948051948052,0.051948051948052,0.0597402597402597,0.0233766233766234,0.0181818181818182,0.0623376623376623,0.0597402597402597,0.620779220779221,0.0545454545454545,0.0285714285714286,0.0597402597402597,0.0597402597402597,0.0545454545454545,0.0597402597402597,0.0597402597402597,0.0181818181818182,0.0441558441558442,0.0961038961038961,0.0675324675324675,0,NA,NA,NA,NA,NA,NA,NA,NA,NA,NA,NA,NA,NA,NA,NA,NA,NA,NA,NA,NA,NA,NA,NA,NA
"Mada.631",0.0337662337662338,0.106493506493506,0.0441558441558442,0.0441558441558442,0.0441558441558442,0.0831168831168831,0.106493506493506,0.0831168831168831,0.0831168831168831,0.0649350649350649,0.0441558441558442,0.0597402597402597,0.0441558441558442,0.0441558441558442,0.0441558441558442,0.0441558441558442,0.0285714285714286,0.0415584415584416,0.0623376623376623,0.012987012987013,0.0493506493506494,0.0493506493506494,0.0493506493506494,0.0493506493506494,0.0493506493506494,0.0415584415584416,0.625974025974026,0.0233766233766234,0.0233766233766234,0.0363636363636364,0.0233766233766234,0.025974025974026,0.0415584415584416,0.0415584415584416,0.0415584415584416,0.0415584415584416,0.114285714285714,0.0337662337662338,0.0415584415584416,0.0649350649350649,0.0493506493506494,0.0493506493506494,0.0493506493506494,0.0493506493506494,0.0727272727272727,0.0727272727272727,0.0415584415584416,0.0415584415584416,0.012987012987013,0.0415584415584416,0.0415584415584416,0.0415584415584416,0.025974025974026,0.0597402597402597,0.0597402597402597,0.0441558441558442,0.0493506493506494,0.0441558441558442,0.0441558441558442,0.0441558441558442,0.0441558441558442,0.623376623376623,0.623376623376623,0.623376623376623,0.0441558441558442,0.0649350649350649,0.0649350649350649,0.0415584415584416,0.0155844155844156,0.025974025974026,0.0441558441558442,0.0415584415584416,0.623376623376623,0.0415584415584416,0.0363636363636364,0.0415584415584416,0.0441558441558442,0.0571428571428571,0.0415584415584416,0.0415584415584416,0.025974025974026,0.0415584415584416,0.0883116883116883,0.0493506493506494,0.0181818181818182,0,NA,NA,NA,NA,NA,NA,NA,NA,NA,NA,NA,NA,NA,NA,NA,NA,NA,NA,NA,NA,NA,NA,NA
"Mada.686",0.0961038961038961,0.0233766233766234,0.0909090909090909,0.0909090909090909,0.0909090909090909,0,0.0233766233766234,0,0,0.101298701298701,0.0883116883116883,0.0649350649350649,0.0883116883116883,0.0883116883116883,0.0883116883116883,0.0883116883116883,0.0857142857142857,0.0883116883116883,0.0831168831168831,0.0857142857142857,0.0935064935064935,0.0935064935064935,0.0935064935064935,0.0935064935064935,0.0909090909090909,0.0883116883116883,0.628571428571429,0.0961038961038961,0.0961038961038961,0.0987012987012987,0.0961038961038961,0.0909090909090909,0.0883116883116883,0.0883116883116883,0.0883116883116883,0.0883116883116883,0.155844155844156,0.0805194805194805,0.0883116883116883,0.111688311688312,0.0935064935064935,0.0935064935064935,0.0935064935064935,0.0935064935064935,0.116883116883117,0.116883116883117,0.0779220779220779,0.0883116883116883,0.0857142857142857,0.0883116883116883,0.0883116883116883,0.0883116883116883,0.0909090909090909,0.101298701298701,0.101298701298701,0.0909090909090909,0.0909090909090909,0.0909090909090909,0.0909090909090909,0.0909090909090909,0.0909090909090909,0.628571428571429,0.628571428571429,0.628571428571429,0.0805194805194805,0.0883116883116883,0.0883116883116883,0.0883116883116883,0.0883116883116883,0.0909090909090909,0.0909090909090909,0.0883116883116883,0.628571428571429,0.0961038961038961,0.0987012987012987,0.0883116883116883,0.0883116883116883,0.0857142857142857,0.0883116883116883,0.0883116883116883,0.0909090909090909,0.0883116883116883,0.0103896103896104,0.0961038961038961,0.0961038961038961,0.0831168831168831,0,NA,NA,NA,NA,NA,NA,NA,NA,NA,NA,NA,NA,NA,NA,NA,NA,NA,NA,NA,NA,NA,NA
"Mada.2665",0.0467532467532468,0.103896103896104,0.0311688311688312,0.0311688311688312,0.0311688311688312,0.0805194805194805,0.103896103896104,0.0805194805194805,0.0805194805194805,0.0675324675324675,0.0493506493506494,0.0467532467532468,0.0493506493506494,0.0493506493506494,0.0493506493506494,0.0493506493506494,0.025974025974026,0.0285714285714286,0.0493506493506494,0.0363636363636364,0.0545454545454545,0.0545454545454545,0.0545454545454545,0.0545454545454545,0.051948051948052,0.0285714285714286,0.625974025974026,0.0467532467532468,0.0467532467532468,0.0493506493506494,0.0467532467532468,0.038961038961039,0.0285714285714286,0.0285714285714286,0.0285714285714286,0.0285714285714286,0.111688311688312,0.0207792207792208,0.0285714285714286,0.051948051948052,0.0545454545454545,0.0545454545454545,0.0545454545454545,0.0545454545454545,0.0779220779220779,0.0779220779220779,0.0181818181818182,0.0415584415584416,0.0363636363636364,0.0415584415584416,0.0285714285714286,0.0285714285714286,0.038961038961039,0.0649350649350649,0.0649350649350649,0.0311688311688312,0.0363636363636364,0.0311688311688312,0.0311688311688312,0.0311688311688312,0.0311688311688312,0.623376623376623,0.623376623376623,0.623376623376623,0.0207792207792208,0.0467532467532468,0.0467532467532468,0.0285714285714286,0.038961038961039,0.038961038961039,0.0311688311688312,0.0285714285714286,0.623376623376623,0.0649350649350649,0.0493506493506494,0.0285714285714286,0.0493506493506494,0.038961038961039,0.0285714285714286,0.0285714285714286,0.038961038961039,0.0545454545454545,0.0857142857142857,0.0363636363636364,0.0311688311688312,0.0233766233766234,0.0805194805194805,0,NA,NA,NA,NA,NA,NA,NA,NA,NA,NA,NA,NA,NA,NA,NA,NA,NA,NA,NA,NA,NA
"Mada.3727",0.0831168831168831,0.106493506493506,0.0831168831168831,0.0831168831168831,0.0831168831168831,0.0831168831168831,0.106493506493506,0.0831168831168831,0.0831168831168831,0.0779220779220779,0.0701298701298701,0.0935064935064935,0.0701298701298701,0.0701298701298701,0.0701298701298701,0.0701298701298701,0.0935064935064935,0.0805194805194805,0.0805194805194805,0.0935064935064935,0.0753246753246753,0.0753246753246753,0.0753246753246753,0.0753246753246753,0.0753246753246753,0.0805194805194805,0.612987012987013,0.0727272727272727,0.0727272727272727,0.0909090909090909,0.0727272727272727,0.0805194805194805,0.0805194805194805,0.0805194805194805,0.0805194805194805,0.0805194805194805,0.158441558441558,0.0987012987012987,0.0805194805194805,0.103896103896104,0.0753246753246753,0.0753246753246753,0.0753246753246753,0.0753246753246753,0.0987012987012987,0.0987012987012987,0.0961038961038961,0.0831168831168831,0.0831168831168831,0.0831168831168831,0.0805194805194805,0.0805194805194805,0.0805194805194805,0.0649350649350649,0.0649350649350649,0.0831168831168831,0.0831168831168831,0.0831168831168831,0.0831168831168831,0.0831168831168831,0.0831168831168831,0.620779220779221,0.620779220779221,0.620779220779221,0.0987012987012987,0.0883116883116883,0.0883116883116883,0.0805194805194805,0.0909090909090909,0.0805194805194805,0.0831168831168831,0.0805194805194805,0.618181818181818,0.0649350649350649,0.0909090909090909,0.0805194805194805,0.0701298701298701,0.0805194805194805,0.0805194805194805,0.0805194805194805,0.0805194805194805,0.0805194805194805,0.0883116883116883,0.0857142857142857,0.0883116883116883,0.0857142857142857,0.0831168831168831,0.0987012987012987,0,NA,NA,NA,NA,NA,NA,NA,NA,NA,NA,NA,NA,NA,NA,NA,NA,NA,NA,NA,NA
"Mada.1588",0.0597402597402597,0.114285714285714,0.0155844155844156,0.0155844155844156,0.0155844155844156,0.0909090909090909,0.114285714285714,0.0909090909090909,0.0909090909090909,0.0649350649350649,0.0285714285714286,0.0779220779220779,0.0285714285714286,0.0285714285714286,0.0285714285714286,0.0285714285714286,0.0467532467532468,0.012987012987013,0.0753246753246753,0.0571428571428571,0.0337662337662338,0.0337662337662338,0.0337662337662338,0.0337662337662338,0.0337662337662338,0.012987012987013,0.625974025974026,0.0207792207792208,0.0207792207792208,0.0701298701298701,0.0207792207792208,0.0649350649350649,0.012987012987013,0.012987012987013,0.012987012987013,0.012987012987013,0.12987012987013,0.051948051948052,0.012987012987013,0.0363636363636364,0.0337662337662338,0.0337662337662338,0.0337662337662338,0.0337662337662338,0.0571428571428571,0.0571428571428571,0.0493506493506494,0.0441558441558442,0.051948051948052,0.0441558441558442,0.012987012987013,0.012987012987013,0.0649350649350649,0.038961038961039,0.038961038961039,0.0155844155844156,0.0155844155844156,0.0155844155844156,0.0155844155844156,0.0155844155844156,0.0155844155844156,0.620779220779221,0.620779220779221,0.620779220779221,0.0441558441558442,0.0649350649350649,0.0649350649350649,0.012987012987013,0.0597402597402597,0.0649350649350649,0.0155844155844156,0.012987012987013,0.625974025974026,0.0285714285714286,0.0701298701298701,0.012987012987013,0.0285714285714286,0.0571428571428571,0.012987012987013,0.012987012987013,0.0649350649350649,0.0623376623376623,0.0961038961038961,0.0207792207792208,0.0623376623376623,0.0441558441558442,0.0909090909090909,0.0415584415584416,0.0727272727272727,0,NA,NA,NA,NA,NA,NA,NA,NA,NA,NA,NA,NA,NA,NA,NA,NA,NA,NA,NA
"Mada.734",0.0987012987012987,0.0285714285714286,0.0935064935064935,0.0935064935064935,0.0935064935064935,0.00519480519480519,0.0285714285714286,0.00519480519480519,0.00519480519480519,0.103896103896104,0.0909090909090909,0.0675324675324675,0.0909090909090909,0.0909090909090909,0.0909090909090909,0.0909090909090909,0.0883116883116883,0.0909090909090909,0.0857142857142857,0.0883116883116883,0.0935064935064935,0.0935064935064935,0.0935064935064935,0.0935064935064935,0.0909090909090909,0.0909090909090909,0.631168831168831,0.0987012987012987,0.0987012987012987,0.101298701298701,0.0987012987012987,0.0935064935064935,0.0909090909090909,0.0909090909090909,0.0909090909090909,0.0909090909090909,0.158441558441558,0.0831168831168831,0.0909090909090909,0.114285714285714,0.0935064935064935,0.0935064935064935,0.0935064935064935,0.0935064935064935,0.116883116883117,0.116883116883117,0.0805194805194805,0.0909090909090909,0.0883116883116883,0.0909090909090909,0.0909090909090909,0.0909090909090909,0.0935064935064935,0.103896103896104,0.103896103896104,0.0935064935064935,0.0935064935064935,0.0935064935064935,0.0935064935064935,0.0935064935064935,0.0935064935064935,0.631168831168831,0.631168831168831,0.631168831168831,0.0831168831168831,0.0909090909090909,0.0909090909090909,0.0909090909090909,0.0909090909090909,0.0935064935064935,0.0935064935064935,0.0909090909090909,0.631168831168831,0.0987012987012987,0.101298701298701,0.0909090909090909,0.0909090909090909,0.0883116883116883,0.0909090909090909,0.0909090909090909,0.0935064935064935,0.0909090909090909,0.012987012987013,0.0987012987012987,0.0987012987012987,0.0857142857142857,0.00519480519480519,0.0831168831168831,0.0857142857142857,0.0935064935064935,0,NA,NA,NA,NA,NA,NA,NA,NA,NA,NA,NA,NA,NA,NA,NA,NA,NA,NA
"Mada.1502",0.0571428571428571,0.114285714285714,0,0,0,0.0909090909090909,0.114285714285714,0.0909090909090909,0.0909090909090909,0.0675324675324675,0.0233766233766234,0.0727272727272727,0.0233766233766234,0.0233766233766234,0.0233766233766234,0.0233766233766234,0.0467532467532468,0.0025974025974026,0.0597402597402597,0.0571428571428571,0.0233766233766234,0.0233766233766234,0.0233766233766234,0.0233766233766234,0.0207792207792208,0.0025974025974026,0.631168831168831,0.0207792207792208,0.0207792207792208,0.0805194805194805,0.0207792207792208,0.0701298701298701,0.0025974025974026,0.0025974025974026,0.0025974025974026,0.0025974025974026,0.12987012987013,0.0415584415584416,0.0025974025974026,0.025974025974026,0.0233766233766234,0.0233766233766234,0.0233766233766234,0.0233766233766234,0.0467532467532468,0.0467532467532468,0.0441558441558442,0.0415584415584416,0.051948051948052,0.0415584415584416,0.0025974025974026,0.0025974025974026,0.0701298701298701,0.038961038961039,0.038961038961039,0,0.0103896103896104,0,0,0,0,0.625974025974026,0.625974025974026,0.625974025974026,0.0311688311688312,0.0571428571428571,0.0571428571428571,0.0025974025974026,0.0597402597402597,0.0701298701298701,0,0.0025974025974026,0.631168831168831,0.038961038961039,0.0805194805194805,0.0025974025974026,0.0233766233766234,0.0493506493506494,0.0025974025974026,0.0025974025974026,0.0701298701298701,0.0545454545454545,0.0961038961038961,0.00519480519480519,0.0623376623376623,0.0441558441558442,0.0909090909090909,0.0311688311688312,0.0831168831168831,0.0155844155844156,0.0935064935064935,0,NA,NA,NA,NA,NA,NA,NA,NA,NA,NA,NA,NA,NA,NA,NA,NA,NA
"Mada.404",0.111688311688312,0.0779220779220779,0.0909090909090909,0.0909090909090909,0.0909090909090909,0.0545454545454545,0.0779220779220779,0.0545454545454545,0.0545454545454545,0.116883116883117,0.0987012987012987,0.0987012987012987,0.0987012987012987,0.0987012987012987,0.0987012987012987,0.0987012987012987,0.106493506493506,0.0883116883116883,0.111688311688312,0.106493506493506,0.101298701298701,0.101298701298701,0.101298701298701,0.101298701298701,0.0987012987012987,0.0883116883116883,0.636363636363636,0.0961038961038961,0.0961038961038961,0.124675324675325,0.0961038961038961,0.114285714285714,0.0883116883116883,0.0883116883116883,0.0883116883116883,0.0883116883116883,0.176623376623377,0.101298701298701,0.0883116883116883,0.111688311688312,0.101298701298701,0.101298701298701,0.101298701298701,0.101298701298701,0.124675324675325,0.124675324675325,0.0987012987012987,0.101298701298701,0.101298701298701,0.101298701298701,0.0883116883116883,0.0883116883116883,0.114285714285714,0.109090909090909,0.109090909090909,0.0909090909090909,0.0857142857142857,0.0909090909090909,0.0909090909090909,0.0909090909090909,0.0909090909090909,0.638961038961039,0.638961038961039,0.638961038961039,0.0961038961038961,0.106493506493506,0.106493506493506,0.0883116883116883,0.109090909090909,0.114285714285714,0.0909090909090909,0.0883116883116883,0.633766233766234,0.103896103896104,0.124675324675325,0.0883116883116883,0.0987012987012987,0.103896103896104,0.0883116883116883,0.0883116883116883,0.114285714285714,0.114285714285714,0.0623376623376623,0.0961038961038961,0.116883116883117,0.103896103896104,0.0545454545454545,0.101298701298701,0.111688311688312,0.0909090909090909,0.0493506493506494,0.0909090909090909,0,NA,NA,NA,NA,NA,NA,NA,NA,NA,NA,NA,NA,NA,NA,NA,NA
"Mada.405",0.0311688311688312,0.124675324675325,0.0675324675324675,0.0675324675324675,0.0675324675324675,0.101298701298701,0.124675324675325,0.101298701298701,0.101298701298701,0,0.0571428571428571,0.0623376623376623,0.0571428571428571,0.0571428571428571,0.0571428571428571,0.0571428571428571,0.0623376623376623,0.0675324675324675,0.0675324675324675,0.0623376623376623,0.0597402597402597,0.0597402597402597,0.0597402597402597,0.0597402597402597,0.0597402597402597,0.0675324675324675,0.631168831168831,0.0597402597402597,0.0597402597402597,0.0701298701298701,0.0597402597402597,0.0753246753246753,0.0675324675324675,0.0675324675324675,0.0675324675324675,0.0675324675324675,0.137662337662338,0.0675324675324675,0.0675324675324675,0.0909090909090909,0.0597402597402597,0.0597402597402597,0.0597402597402597,0.0597402597402597,0.0831168831168831,0.0831168831168831,0.0597402597402597,0.0467532467532468,0.051948051948052,0.0467532467532468,0.0675324675324675,0.0675324675324675,0.0753246753246753,0.0675324675324675,0.0675324675324675,0.0675324675324675,0.0727272727272727,0.0675324675324675,0.0675324675324675,0.0675324675324675,0.0675324675324675,0.631168831168831,0.631168831168831,0.631168831168831,0.0467532467532468,0.051948051948052,0.051948051948052,0.0675324675324675,0.0597402597402597,0.0753246753246753,0.0675324675324675,0.0675324675324675,0.628571428571429,0.0597402597402597,0.0701298701298701,0.0675324675324675,0.0571428571428571,0.0493506493506494,0.0675324675324675,0.0675324675324675,0.0753246753246753,0.0337662337662338,0.0961038961038961,0.0727272727272727,0.0571428571428571,0.0649350649350649,0.101298701298701,0.0675324675324675,0.0779220779220779,0.0649350649350649,0.103896103896104,0.0675324675324675,0.116883116883117,0,NA,NA,NA,NA,NA,NA,NA,NA,NA,NA,NA,NA,NA,NA,NA
"Mada.406",0.0311688311688312,0.124675324675325,0.0675324675324675,0.0675324675324675,0.0675324675324675,0.101298701298701,0.124675324675325,0.101298701298701,0.101298701298701,0,0.0571428571428571,0.0623376623376623,0.0571428571428571,0.0571428571428571,0.0571428571428571,0.0571428571428571,0.0623376623376623,0.0675324675324675,0.0675324675324675,0.0623376623376623,0.0597402597402597,0.0597402597402597,0.0597402597402597,0.0597402597402597,0.0597402597402597,0.0675324675324675,0.631168831168831,0.0597402597402597,0.0597402597402597,0.0701298701298701,0.0597402597402597,0.0753246753246753,0.0675324675324675,0.0675324675324675,0.0675324675324675,0.0675324675324675,0.137662337662338,0.0675324675324675,0.0675324675324675,0.0909090909090909,0.0597402597402597,0.0597402597402597,0.0597402597402597,0.0597402597402597,0.0831168831168831,0.0831168831168831,0.0597402597402597,0.0467532467532468,0.051948051948052,0.0467532467532468,0.0675324675324675,0.0675324675324675,0.0753246753246753,0.0675324675324675,0.0675324675324675,0.0675324675324675,0.0727272727272727,0.0675324675324675,0.0675324675324675,0.0675324675324675,0.0675324675324675,0.631168831168831,0.631168831168831,0.631168831168831,0.0467532467532468,0.051948051948052,0.051948051948052,0.0675324675324675,0.0597402597402597,0.0753246753246753,0.0675324675324675,0.0675324675324675,0.628571428571429,0.0597402597402597,0.0701298701298701,0.0675324675324675,0.0571428571428571,0.0493506493506494,0.0675324675324675,0.0675324675324675,0.0753246753246753,0.0337662337662338,0.0961038961038961,0.0727272727272727,0.0571428571428571,0.0649350649350649,0.101298701298701,0.0675324675324675,0.0779220779220779,0.0649350649350649,0.103896103896104,0.0675324675324675,0.116883116883117,0,0,NA,NA,NA,NA,NA,NA,NA,NA,NA,NA,NA,NA,NA,NA
"Mada.407",0.111688311688312,0.0779220779220779,0.0909090909090909,0.0909090909090909,0.0909090909090909,0.0545454545454545,0.0779220779220779,0.0545454545454545,0.0545454545454545,0.116883116883117,0.0987012987012987,0.0987012987012987,0.0987012987012987,0.0987012987012987,0.0987012987012987,0.0987012987012987,0.106493506493506,0.0883116883116883,0.111688311688312,0.106493506493506,0.101298701298701,0.101298701298701,0.101298701298701,0.101298701298701,0.0987012987012987,0.0883116883116883,0.636363636363636,0.0961038961038961,0.0961038961038961,0.124675324675325,0.0961038961038961,0.114285714285714,0.0883116883116883,0.0883116883116883,0.0883116883116883,0.0883116883116883,0.176623376623377,0.101298701298701,0.0883116883116883,0.111688311688312,0.101298701298701,0.101298701298701,0.101298701298701,0.101298701298701,0.124675324675325,0.124675324675325,0.0987012987012987,0.101298701298701,0.101298701298701,0.101298701298701,0.0883116883116883,0.0883116883116883,0.114285714285714,0.109090909090909,0.109090909090909,0.0909090909090909,0.0857142857142857,0.0909090909090909,0.0909090909090909,0.0909090909090909,0.0909090909090909,0.638961038961039,0.638961038961039,0.638961038961039,0.0961038961038961,0.106493506493506,0.106493506493506,0.0883116883116883,0.109090909090909,0.114285714285714,0.0909090909090909,0.0883116883116883,0.633766233766234,0.103896103896104,0.124675324675325,0.0883116883116883,0.0987012987012987,0.103896103896104,0.0883116883116883,0.0883116883116883,0.114285714285714,0.114285714285714,0.0623376623376623,0.0961038961038961,0.116883116883117,0.103896103896104,0.0545454545454545,0.101298701298701,0.111688311688312,0.0909090909090909,0.0493506493506494,0.0909090909090909,0,0.116883116883117,0.116883116883117,0,NA,NA,NA,NA,NA,NA,NA,NA,NA,NA,NA,NA,NA
"Mada.3666",0.0311688311688312,0.124675324675325,0.0675324675324675,0.0675324675324675,0.0675324675324675,0.101298701298701,0.124675324675325,0.101298701298701,0.101298701298701,0,0.0571428571428571,0.0623376623376623,0.0571428571428571,0.0571428571428571,0.0571428571428571,0.0571428571428571,0.0623376623376623,0.0675324675324675,0.0675324675324675,0.0623376623376623,0.0597402597402597,0.0597402597402597,0.0597402597402597,0.0597402597402597,0.0597402597402597,0.0675324675324675,0.631168831168831,0.0597402597402597,0.0597402597402597,0.0701298701298701,0.0597402597402597,0.0753246753246753,0.0675324675324675,0.0675324675324675,0.0675324675324675,0.0675324675324675,0.137662337662338,0.0675324675324675,0.0675324675324675,0.0909090909090909,0.0597402597402597,0.0597402597402597,0.0597402597402597,0.0597402597402597,0.0831168831168831,0.0831168831168831,0.0597402597402597,0.0467532467532468,0.051948051948052,0.0467532467532468,0.0675324675324675,0.0675324675324675,0.0753246753246753,0.0675324675324675,0.0675324675324675,0.0675324675324675,0.0727272727272727,0.0675324675324675,0.0675324675324675,0.0675324675324675,0.0675324675324675,0.631168831168831,0.631168831168831,0.631168831168831,0.0467532467532468,0.051948051948052,0.051948051948052,0.0675324675324675,0.0597402597402597,0.0753246753246753,0.0675324675324675,0.0675324675324675,0.628571428571429,0.0597402597402597,0.0701298701298701,0.0675324675324675,0.0571428571428571,0.0493506493506494,0.0675324675324675,0.0675324675324675,0.0753246753246753,0.0337662337662338,0.0961038961038961,0.0727272727272727,0.0571428571428571,0.0649350649350649,0.101298701298701,0.0675324675324675,0.0779220779220779,0.0649350649350649,0.103896103896104,0.0675324675324675,0.116883116883117,0,0,0.116883116883117,0,NA,NA,NA,NA,NA,NA,NA,NA,NA,NA,NA,NA
"Mada.1531",0.0311688311688312,0.124675324675325,0.0675324675324675,0.0675324675324675,0.0675324675324675,0.101298701298701,0.124675324675325,0.101298701298701,0.101298701298701,0,0.0571428571428571,0.0623376623376623,0.0571428571428571,0.0571428571428571,0.0571428571428571,0.0571428571428571,0.0623376623376623,0.0675324675324675,0.0675324675324675,0.0623376623376623,0.0597402597402597,0.0597402597402597,0.0597402597402597,0.0597402597402597,0.0597402597402597,0.0675324675324675,0.631168831168831,0.0597402597402597,0.0597402597402597,0.0701298701298701,0.0597402597402597,0.0753246753246753,0.0675324675324675,0.0675324675324675,0.0675324675324675,0.0675324675324675,0.137662337662338,0.0675324675324675,0.0675324675324675,0.0909090909090909,0.0597402597402597,0.0597402597402597,0.0597402597402597,0.0597402597402597,0.0831168831168831,0.0831168831168831,0.0597402597402597,0.0467532467532468,0.051948051948052,0.0467532467532468,0.0675324675324675,0.0675324675324675,0.0753246753246753,0.0675324675324675,0.0675324675324675,0.0675324675324675,0.0727272727272727,0.0675324675324675,0.0675324675324675,0.0675324675324675,0.0675324675324675,0.631168831168831,0.631168831168831,0.631168831168831,0.0467532467532468,0.051948051948052,0.051948051948052,0.0675324675324675,0.0597402597402597,0.0753246753246753,0.0675324675324675,0.0675324675324675,0.628571428571429,0.0597402597402597,0.0701298701298701,0.0675324675324675,0.0571428571428571,0.0493506493506494,0.0675324675324675,0.0675324675324675,0.0753246753246753,0.0337662337662338,0.0961038961038961,0.0727272727272727,0.0571428571428571,0.0649350649350649,0.101298701298701,0.0675324675324675,0.0779220779220779,0.0649350649350649,0.103896103896104,0.0675324675324675,0.116883116883117,0,0,0.116883116883117,0,0,NA,NA,NA,NA,NA,NA,NA,NA,NA,NA,NA
"Mada.1534",0.0311688311688312,0.124675324675325,0.0675324675324675,0.0675324675324675,0.0675324675324675,0.101298701298701,0.124675324675325,0.101298701298701,0.101298701298701,0,0.0571428571428571,0.0623376623376623,0.0571428571428571,0.0571428571428571,0.0571428571428571,0.0571428571428571,0.0623376623376623,0.0675324675324675,0.0675324675324675,0.0623376623376623,0.0597402597402597,0.0597402597402597,0.0597402597402597,0.0597402597402597,0.0597402597402597,0.0675324675324675,0.631168831168831,0.0597402597402597,0.0597402597402597,0.0701298701298701,0.0597402597402597,0.0753246753246753,0.0675324675324675,0.0675324675324675,0.0675324675324675,0.0675324675324675,0.137662337662338,0.0675324675324675,0.0675324675324675,0.0909090909090909,0.0597402597402597,0.0597402597402597,0.0597402597402597,0.0597402597402597,0.0831168831168831,0.0831168831168831,0.0597402597402597,0.0467532467532468,0.051948051948052,0.0467532467532468,0.0675324675324675,0.0675324675324675,0.0753246753246753,0.0675324675324675,0.0675324675324675,0.0675324675324675,0.0727272727272727,0.0675324675324675,0.0675324675324675,0.0675324675324675,0.0675324675324675,0.631168831168831,0.631168831168831,0.631168831168831,0.0467532467532468,0.051948051948052,0.051948051948052,0.0675324675324675,0.0597402597402597,0.0753246753246753,0.0675324675324675,0.0675324675324675,0.628571428571429,0.0597402597402597,0.0701298701298701,0.0675324675324675,0.0571428571428571,0.0493506493506494,0.0675324675324675,0.0675324675324675,0.0753246753246753,0.0337662337662338,0.0961038961038961,0.0727272727272727,0.0571428571428571,0.0649350649350649,0.101298701298701,0.0675324675324675,0.0779220779220779,0.0649350649350649,0.103896103896104,0.0675324675324675,0.116883116883117,0,0,0.116883116883117,0,0,0,NA,NA,NA,NA,NA,NA,NA,NA,NA,NA
"Mada.1535",0.0311688311688312,0.124675324675325,0.0675324675324675,0.0675324675324675,0.0675324675324675,0.101298701298701,0.124675324675325,0.101298701298701,0.101298701298701,0,0.0571428571428571,0.0623376623376623,0.0571428571428571,0.0571428571428571,0.0571428571428571,0.0571428571428571,0.0623376623376623,0.0675324675324675,0.0675324675324675,0.0623376623376623,0.0597402597402597,0.0597402597402597,0.0597402597402597,0.0597402597402597,0.0597402597402597,0.0675324675324675,0.631168831168831,0.0597402597402597,0.0597402597402597,0.0701298701298701,0.0597402597402597,0.0753246753246753,0.0675324675324675,0.0675324675324675,0.0675324675324675,0.0675324675324675,0.137662337662338,0.0675324675324675,0.0675324675324675,0.0909090909090909,0.0597402597402597,0.0597402597402597,0.0597402597402597,0.0597402597402597,0.0831168831168831,0.0831168831168831,0.0597402597402597,0.0467532467532468,0.051948051948052,0.0467532467532468,0.0675324675324675,0.0675324675324675,0.0753246753246753,0.0675324675324675,0.0675324675324675,0.0675324675324675,0.0727272727272727,0.0675324675324675,0.0675324675324675,0.0675324675324675,0.0675324675324675,0.631168831168831,0.631168831168831,0.631168831168831,0.0467532467532468,0.051948051948052,0.051948051948052,0.0675324675324675,0.0597402597402597,0.0753246753246753,0.0675324675324675,0.0675324675324675,0.628571428571429,0.0597402597402597,0.0701298701298701,0.0675324675324675,0.0571428571428571,0.0493506493506494,0.0675324675324675,0.0675324675324675,0.0753246753246753,0.0337662337662338,0.0961038961038961,0.0727272727272727,0.0571428571428571,0.0649350649350649,0.101298701298701,0.0675324675324675,0.0779220779220779,0.0649350649350649,0.103896103896104,0.0675324675324675,0.116883116883117,0,0,0.116883116883117,0,0,0,0,NA,NA,NA,NA,NA,NA,NA,NA,NA
"Mada.2885",0.0311688311688312,0.124675324675325,0.0675324675324675,0.0675324675324675,0.0675324675324675,0.101298701298701,0.124675324675325,0.101298701298701,0.101298701298701,0,0.0571428571428571,0.0623376623376623,0.0571428571428571,0.0571428571428571,0.0571428571428571,0.0571428571428571,0.0623376623376623,0.0675324675324675,0.0675324675324675,0.0623376623376623,0.0597402597402597,0.0597402597402597,0.0597402597402597,0.0597402597402597,0.0597402597402597,0.0675324675324675,0.631168831168831,0.0597402597402597,0.0597402597402597,0.0701298701298701,0.0597402597402597,0.0753246753246753,0.0675324675324675,0.0675324675324675,0.0675324675324675,0.0675324675324675,0.137662337662338,0.0675324675324675,0.0675324675324675,0.0909090909090909,0.0597402597402597,0.0597402597402597,0.0597402597402597,0.0597402597402597,0.0831168831168831,0.0831168831168831,0.0597402597402597,0.0467532467532468,0.051948051948052,0.0467532467532468,0.0675324675324675,0.0675324675324675,0.0753246753246753,0.0675324675324675,0.0675324675324675,0.0675324675324675,0.0727272727272727,0.0675324675324675,0.0675324675324675,0.0675324675324675,0.0675324675324675,0.631168831168831,0.631168831168831,0.631168831168831,0.0467532467532468,0.051948051948052,0.051948051948052,0.0675324675324675,0.0597402597402597,0.0753246753246753,0.0675324675324675,0.0675324675324675,0.628571428571429,0.0597402597402597,0.0701298701298701,0.0675324675324675,0.0571428571428571,0.0493506493506494,0.0675324675324675,0.0675324675324675,0.0753246753246753,0.0337662337662338,0.0961038961038961,0.0727272727272727,0.0571428571428571,0.0649350649350649,0.101298701298701,0.0675324675324675,0.0779220779220779,0.0649350649350649,0.103896103896104,0.0675324675324675,0.116883116883117,0,0,0.116883116883117,0,0,0,0,0,NA,NA,NA,NA,NA,NA,NA,NA
"Mada.384",0.0571428571428571,0.111688311688312,0.0233766233766234,0.0233766233766234,0.0233766233766234,0.0883116883116883,0.111688311688312,0.0883116883116883,0.0883116883116883,0.0571428571428571,0,0.0701298701298701,0,0,0,0,0.0597402597402597,0.0207792207792208,0.0623376623376623,0.0545454545454545,0.00519480519480519,0.00519480519480519,0.00519480519480519,0.00519480519480519,0.00779220779220779,0.0207792207792208,0.628571428571429,0.0207792207792208,0.0207792207792208,0.0779220779220779,0.0207792207792208,0.0675324675324675,0.0207792207792208,0.0207792207792208,0.0207792207792208,0.0207792207792208,0.137662337662338,0.0597402597402597,0.0207792207792208,0.0441558441558442,0.00519480519480519,0.00519480519480519,0.00519480519480519,0.00519480519480519,0.0285714285714286,0.0285714285714286,0.0623376623376623,0.0571428571428571,0.0493506493506494,0.0571428571428571,0.0207792207792208,0.0207792207792208,0.0675324675324675,0.0155844155844156,0.0155844155844156,0.0233766233766234,0.0285714285714286,0.0233766233766234,0.0233766233766234,0.0233766233766234,0.0233766233766234,0.625974025974026,0.625974025974026,0.625974025974026,0.051948051948052,0.0753246753246753,0.0753246753246753,0.0207792207792208,0.0597402597402597,0.0675324675324675,0.0233766233766234,0.0207792207792208,0.628571428571429,0.025974025974026,0.0779220779220779,0.0207792207792208,0,0.0675324675324675,0.0207792207792208,0.0207792207792208,0.0675324675324675,0.051948051948052,0.0935064935064935,0.0285714285714286,0.0597402597402597,0.0441558441558442,0.0883116883116883,0.0493506493506494,0.0701298701298701,0.0285714285714286,0.0909090909090909,0.0233766233766234,0.0987012987012987,0.0571428571428571,0.0571428571428571,0.0987012987012987,0.0571428571428571,0.0571428571428571,0.0571428571428571,0.0571428571428571,0.0571428571428571,0,NA,NA,NA,NA,NA,NA,NA
"Mada.385",0.0571428571428571,0.111688311688312,0.0233766233766234,0.0233766233766234,0.0233766233766234,0.0883116883116883,0.111688311688312,0.0883116883116883,0.0883116883116883,0.0571428571428571,0,0.0701298701298701,0,0,0,0,0.0597402597402597,0.0207792207792208,0.0623376623376623,0.0545454545454545,0.00519480519480519,0.00519480519480519,0.00519480519480519,0.00519480519480519,0.00779220779220779,0.0207792207792208,0.628571428571429,0.0207792207792208,0.0207792207792208,0.0779220779220779,0.0207792207792208,0.0675324675324675,0.0207792207792208,0.0207792207792208,0.0207792207792208,0.0207792207792208,0.137662337662338,0.0597402597402597,0.0207792207792208,0.0441558441558442,0.00519480519480519,0.00519480519480519,0.00519480519480519,0.00519480519480519,0.0285714285714286,0.0285714285714286,0.0623376623376623,0.0571428571428571,0.0493506493506494,0.0571428571428571,0.0207792207792208,0.0207792207792208,0.0675324675324675,0.0155844155844156,0.0155844155844156,0.0233766233766234,0.0285714285714286,0.0233766233766234,0.0233766233766234,0.0233766233766234,0.0233766233766234,0.625974025974026,0.625974025974026,0.625974025974026,0.051948051948052,0.0753246753246753,0.0753246753246753,0.0207792207792208,0.0597402597402597,0.0675324675324675,0.0233766233766234,0.0207792207792208,0.628571428571429,0.025974025974026,0.0779220779220779,0.0207792207792208,0,0.0675324675324675,0.0207792207792208,0.0207792207792208,0.0675324675324675,0.051948051948052,0.0935064935064935,0.0285714285714286,0.0597402597402597,0.0441558441558442,0.0883116883116883,0.0493506493506494,0.0701298701298701,0.0285714285714286,0.0909090909090909,0.0233766233766234,0.0987012987012987,0.0571428571428571,0.0571428571428571,0.0987012987012987,0.0571428571428571,0.0571428571428571,0.0571428571428571,0.0571428571428571,0.0571428571428571,0,0,NA,NA,NA,NA,NA,NA
"Mada.386",0.0571428571428571,0.111688311688312,0.0233766233766234,0.0233766233766234,0.0233766233766234,0.0883116883116883,0.111688311688312,0.0883116883116883,0.0883116883116883,0.0571428571428571,0,0.0701298701298701,0,0,0,0,0.0597402597402597,0.0207792207792208,0.0623376623376623,0.0545454545454545,0.00519480519480519,0.00519480519480519,0.00519480519480519,0.00519480519480519,0.00779220779220779,0.0207792207792208,0.628571428571429,0.0207792207792208,0.0207792207792208,0.0779220779220779,0.0207792207792208,0.0675324675324675,0.0207792207792208,0.0207792207792208,0.0207792207792208,0.0207792207792208,0.137662337662338,0.0597402597402597,0.0207792207792208,0.0441558441558442,0.00519480519480519,0.00519480519480519,0.00519480519480519,0.00519480519480519,0.0285714285714286,0.0285714285714286,0.0623376623376623,0.0571428571428571,0.0493506493506494,0.0571428571428571,0.0207792207792208,0.0207792207792208,0.0675324675324675,0.0155844155844156,0.0155844155844156,0.0233766233766234,0.0285714285714286,0.0233766233766234,0.0233766233766234,0.0233766233766234,0.0233766233766234,0.625974025974026,0.625974025974026,0.625974025974026,0.051948051948052,0.0753246753246753,0.0753246753246753,0.0207792207792208,0.0597402597402597,0.0675324675324675,0.0233766233766234,0.0207792207792208,0.628571428571429,0.025974025974026,0.0779220779220779,0.0207792207792208,0,0.0675324675324675,0.0207792207792208,0.0207792207792208,0.0675324675324675,0.051948051948052,0.0935064935064935,0.0285714285714286,0.0597402597402597,0.0441558441558442,0.0883116883116883,0.0493506493506494,0.0701298701298701,0.0285714285714286,0.0909090909090909,0.0233766233766234,0.0987012987012987,0.0571428571428571,0.0571428571428571,0.0987012987012987,0.0571428571428571,0.0571428571428571,0.0571428571428571,0.0571428571428571,0.0571428571428571,0,0,0,NA,NA,NA,NA,NA
"Mada.2120",0.0311688311688312,0.109090909090909,0.0623376623376623,0.0623376623376623,0.0623376623376623,0.0857142857142857,0.109090909090909,0.0857142857142857,0.0857142857142857,0.0415584415584416,0.038961038961039,0.0311688311688312,0.038961038961039,0.038961038961039,0.038961038961039,0.038961038961039,0.0363636363636364,0.0597402597402597,0.0545454545454545,0.0415584415584416,0.0441558441558442,0.0441558441558442,0.0441558441558442,0.0441558441558442,0.0467532467532468,0.0597402597402597,0.625974025974026,0.0597402597402597,0.0597402597402597,0.0649350649350649,0.0597402597402597,0.0545454545454545,0.0597402597402597,0.0597402597402597,0.0597402597402597,0.0597402597402597,0.111688311688312,0.0363636363636364,0.0597402597402597,0.0831168831168831,0.0441558441558442,0.0441558441558442,0.0441558441558442,0.0441558441558442,0.0675324675324675,0.0675324675324675,0.0337662337662338,0.0415584415584416,0.0311688311688312,0.0415584415584416,0.0597402597402597,0.0597402597402597,0.0545454545454545,0.0545454545454545,0.0545454545454545,0.0623376623376623,0.0675324675324675,0.0623376623376623,0.0623376623376623,0.0623376623376623,0.0623376623376623,0.623376623376623,0.623376623376623,0.623376623376623,0.0363636363636364,0.0493506493506494,0.0493506493506494,0.0597402597402597,0.0363636363636364,0.0545454545454545,0.0623376623376623,0.0597402597402597,0.623376623376623,0.0649350649350649,0.0649350649350649,0.0597402597402597,0.038961038961039,0.0415584415584416,0.0597402597402597,0.0597402597402597,0.0545454545454545,0.0363636363636364,0.0909090909090909,0.0675324675324675,0.0363636363636364,0.0415584415584416,0.0857142857142857,0.0363636363636364,0.0831168831168831,0.0675324675324675,0.0883116883116883,0.0623376623376623,0.111688311688312,0.0415584415584416,0.0415584415584416,0.111688311688312,0.0415584415584416,0.0415584415584416,0.0415584415584416,0.0415584415584416,0.0415584415584416,0.038961038961039,0.038961038961039,0.038961038961039,0,NA,NA,NA,NA
"Mada.2135",0.181818181818182,0.207792207792208,0.179220779220779,0.179220779220779,0.179220779220779,0.184415584415584,0.207792207792208,0.184415584415584,0.184415584415584,0.179220779220779,0.176623376623377,0.168831168831169,0.176623376623377,0.176623376623377,0.176623376623377,0.176623376623377,0.18961038961039,0.181818181818182,0.174025974025974,0.194805194805195,0.171428571428571,0.171428571428571,0.171428571428571,0.171428571428571,0.168831168831169,0.181818181818182,0.646753246753247,0.187012987012987,0.187012987012987,0.192207792207792,0.187012987012987,0.184415584415584,0.181818181818182,0.181818181818182,0.181818181818182,0.181818181818182,0.251948051948052,0.184415584415584,0.181818181818182,0.205194805194805,0.171428571428571,0.171428571428571,0.171428571428571,0.171428571428571,0.194805194805195,0.194805194805195,0.181818181818182,0.187012987012987,0.18961038961039,0.187012987012987,0.181818181818182,0.181818181818182,0.184415584415584,0.181818181818182,0.181818181818182,0.179220779220779,0.179220779220779,0.179220779220779,0.179220779220779,0.179220779220779,0.179220779220779,0.646753246753247,0.646753246753247,0.646753246753247,0.181818181818182,0.174025974025974,0.174025974025974,0.181818181818182,0.18961038961039,0.184415584415584,0.179220779220779,0.181818181818182,0.646753246753247,0.176623376623377,0.192207792207792,0.181818181818182,0.176623376623377,0.174025974025974,0.181818181818182,0.181818181818182,0.184415584415584,0.181818181818182,0.187012987012987,0.184415584415584,0.174025974025974,0.184415584415584,0.184415584415584,0.174025974025974,0.18961038961039,0.18961038961039,0.181818181818182,0.179220779220779,0.187012987012987,0.179220779220779,0.179220779220779,0.187012987012987,0.179220779220779,0.179220779220779,0.179220779220779,0.179220779220779,0.179220779220779,0.176623376623377,0.176623376623377,0.176623376623377,0.168831168831169,0,NA,NA,NA
"Mada.2135",0.181818181818182,0.207792207792208,0.179220779220779,0.179220779220779,0.179220779220779,0.184415584415584,0.207792207792208,0.184415584415584,0.184415584415584,0.179220779220779,0.176623376623377,0.168831168831169,0.176623376623377,0.176623376623377,0.176623376623377,0.176623376623377,0.18961038961039,0.181818181818182,0.174025974025974,0.194805194805195,0.171428571428571,0.171428571428571,0.171428571428571,0.171428571428571,0.168831168831169,0.181818181818182,0.646753246753247,0.187012987012987,0.187012987012987,0.192207792207792,0.187012987012987,0.184415584415584,0.181818181818182,0.181818181818182,0.181818181818182,0.181818181818182,0.251948051948052,0.184415584415584,0.181818181818182,0.205194805194805,0.171428571428571,0.171428571428571,0.171428571428571,0.171428571428571,0.194805194805195,0.194805194805195,0.181818181818182,0.187012987012987,0.18961038961039,0.187012987012987,0.181818181818182,0.181818181818182,0.184415584415584,0.181818181818182,0.181818181818182,0.179220779220779,0.179220779220779,0.179220779220779,0.179220779220779,0.179220779220779,0.179220779220779,0.646753246753247,0.646753246753247,0.646753246753247,0.181818181818182,0.174025974025974,0.174025974025974,0.181818181818182,0.18961038961039,0.184415584415584,0.179220779220779,0.181818181818182,0.646753246753247,0.176623376623377,0.192207792207792,0.181818181818182,0.176623376623377,0.174025974025974,0.181818181818182,0.181818181818182,0.184415584415584,0.181818181818182,0.187012987012987,0.184415584415584,0.174025974025974,0.184415584415584,0.184415584415584,0.174025974025974,0.18961038961039,0.18961038961039,0.181818181818182,0.179220779220779,0.187012987012987,0.179220779220779,0.179220779220779,0.187012987012987,0.179220779220779,0.179220779220779,0.179220779220779,0.179220779220779,0.179220779220779,0.176623376623377,0.176623376623377,0.176623376623377,0.168831168831169,0,0,NA,NA
"Mada.2612",0.051948051948052,0.0883116883116883,0.051948051948052,0.051948051948052,0.051948051948052,0.0649350649350649,0.0883116883116883,0.0649350649350649,0.0649350649350649,0.0623376623376623,0.0493506493506494,0.0311688311688312,0.0493506493506494,0.0493506493506494,0.0493506493506494,0.0493506493506494,0.0415584415584416,0.0493506493506494,0.0545454545454545,0.0415584415584416,0.0545454545454545,0.0545454545454545,0.0545454545454545,0.0545454545454545,0.051948051948052,0.0493506493506494,0.631168831168831,0.0571428571428571,0.0571428571428571,0.0753246753246753,0.0571428571428571,0.0649350649350649,0.0493506493506494,0.0493506493506494,0.0493506493506494,0.0493506493506494,0.114285714285714,0.0363636363636364,0.0493506493506494,0.0727272727272727,0.0545454545454545,0.0545454545454545,0.0545454545454545,0.0545454545454545,0.0779220779220779,0.0779220779220779,0.0337662337662338,0.0467532467532468,0.0311688311688312,0.0467532467532468,0.0493506493506494,0.0493506493506494,0.0649350649350649,0.0597402597402597,0.0597402597402597,0.051948051948052,0.0571428571428571,0.051948051948052,0.051948051948052,0.051948051948052,0.051948051948052,0.628571428571429,0.628571428571429,0.628571428571429,0.0363636363636364,0.0571428571428571,0.0571428571428571,0.0493506493506494,0.0441558441558442,0.0649350649350649,0.051948051948052,0.0493506493506494,0.628571428571429,0.0649350649350649,0.0753246753246753,0.0493506493506494,0.0493506493506494,0.0493506493506494,0.0493506493506494,0.0493506493506494,0.0649350649350649,0.0441558441558442,0.0701298701298701,0.0571428571428571,0.0571428571428571,0.038961038961039,0.0649350649350649,0.0363636363636364,0.0883116883116883,0.0623376623376623,0.0675324675324675,0.051948051948052,0.0935064935064935,0.0623376623376623,0.0623376623376623,0.0935064935064935,0.0623376623376623,0.0623376623376623,0.0623376623376623,0.0623376623376623,0.0623376623376623,0.0493506493506494,0.0493506493506494,0.0493506493506494,0.0311688311688312,0.176623376623377,0.176623376623377,0,NA
"Mada.3485",0.0311688311688312,0.109090909090909,0.0623376623376623,0.0623376623376623,0.0623376623376623,0.0857142857142857,0.109090909090909,0.0857142857142857,0.0857142857142857,0.0415584415584416,0.038961038961039,0.0311688311688312,0.038961038961039,0.038961038961039,0.038961038961039,0.038961038961039,0.0363636363636364,0.0597402597402597,0.0545454545454545,0.0415584415584416,0.0441558441558442,0.0441558441558442,0.0441558441558442,0.0441558441558442,0.0467532467532468,0.0597402597402597,0.625974025974026,0.0597402597402597,0.0597402597402597,0.0649350649350649,0.0597402597402597,0.0545454545454545,0.0597402597402597,0.0597402597402597,0.0597402597402597,0.0597402597402597,0.111688311688312,0.0363636363636364,0.0597402597402597,0.0831168831168831,0.0441558441558442,0.0441558441558442,0.0441558441558442,0.0441558441558442,0.0675324675324675,0.0675324675324675,0.0337662337662338,0.0415584415584416,0.0311688311688312,0.0415584415584416,0.0597402597402597,0.0597402597402597,0.0545454545454545,0.0545454545454545,0.0545454545454545,0.0623376623376623,0.0675324675324675,0.0623376623376623,0.0623376623376623,0.0623376623376623,0.0623376623376623,0.623376623376623,0.623376623376623,0.623376623376623,0.0363636363636364,0.0493506493506494,0.0493506493506494,0.0597402597402597,0.0363636363636364,0.0545454545454545,0.0623376623376623,0.0597402597402597,0.623376623376623,0.0649350649350649,0.0649350649350649,0.0597402597402597,0.038961038961039,0.0415584415584416,0.0597402597402597,0.0597402597402597,0.0545454545454545,0.0363636363636364,0.0909090909090909,0.0675324675324675,0.0363636363636364,0.0415584415584416,0.0857142857142857,0.0363636363636364,0.0831168831168831,0.0675324675324675,0.0883116883116883,0.0623376623376623,0.111688311688312,0.0415584415584416,0.0415584415584416,0.111688311688312,0.0415584415584416,0.0415584415584416,0.0415584415584416,0.0415584415584416,0.0415584415584416,0.038961038961039,0.038961038961039,0.038961038961039,0,0.168831168831169,0.168831168831169,0.0311688311688312,0
